DAY,AGP,BGP,BLD,BLS,BSH,CHM,DAN,DDM,EBB,GEM,GIN,GNL,GRV,HHM,HNT,HRS,KIB,KSP,LBD,LVM,LVT,MHP,MNT,PDS,PSN,PSR,RCK,SLI,SLK,SLM,SPS,SPT,STR,SWM,TMR,TNY,TUM,UBC,VLC,VRG,WWC
1,40.894,0,9.144,0,43.434,0,25.4,13.208,17.78,28.702,0,12.192,0,20.32,0,0,0,0,0,0,40.64,51.816,5.08,0,0,0,0,0,0,0,0,0,0,24.384,13.208,27.94,24.384,48.514,33.274,0,0
2,40.894,0,9.144,0,43.434,0,25.4,7.112,10.16,28.702,0,15.24,0,20.32,0,0,0,0,0,0,40.64,51.816,5.08,0,0,0,0,0,0,0,0,0,0,24.384,13.208,27.94,21.336,48.514,33.274,0,0
3,40.894,0,9.144,0,43.434,0,25.4,0,2.54,28.702,0,15.24,0,20.32,0,0,0,0,0,0,40.64,51.816,5.08,0,0,0,0,0,0,0,0,0,0,24.384,10.16,27.94,21.336,48.514,33.274,0,0
4,40.894,0,9.144,0,43.434,0,25.4,0,0,28.702,0,15.24,0,6.858,0,0,0,0,0,0,40.64,51.816,5.08,0,0,0,0,0,0,0,0,0,0,24.384,10.16,27.94,21.336,48.514,33.274,0,0
5,40.894,0,9.144,0,43.434,0,25.4,0,0,28.702,0,15.24,0,6.858,0,0,0,0,0,0,40.64,51.816,5.08,0,0,0,0,0,0,0,0,0,0,24.384,7.112,27.94,21.336,48.514,33.274,0,0
6,40.894,0,9.144,0,43.434,0,28.702,0,0,28.702,0,15.24,0,0,0,0,0,0,0,0,40.64,48.768,5.08,0,0,0,0,0,0,0,0,0,0,24.384,0,27.94,21.336,48.514,33.274,0,0
7,40.894,0,9.144,0,43.434,0,30.48,0,0,28.702,0,15.24,0,0,0,0,0,0,0,0,40.64,42.672,5.08,0,0,0,0,0,0,0,0,0,0,24.384,0,27.94,18.288,48.514,33.274,0,0
8,40.894,0,9.144,0,43.434,0,22.098,0,0,28.702,0,15.24,0,0,0,0,0,0,0,0,35.56,36.576,5.08,0,0,0,0,0,0,0,0,0,0,24.384,0,27.94,18.288,48.514,16.51,0,0
9,24.384,0,9.144,0,43.434,0,25.654,0,0,28.702,0,15.24,0,0,0,0,0,0,0,0,35.56,33.528,5.08,0,0,0,0,0,0,0,0,0,0,24.384,0,27.94,18.288,48.514,16.51,0,0
10,24.384,0,6.096,0,43.434,0,29.21,0,0,28.702,0,12.192,0,0,0,0,0,0,0,0,38.1,30.48,5.08,0,0,0,0,0,0,0,0,0,0,24.384,0,27.94,18.288,48.514,33.274,0,0
11,24.384,0,9.144,0,43.434,0,25.908,0,0,28.702,0,12.192,0,0,0,0,0,0,0,0,40.64,30.48,5.08,0,0,0,0,0,0,0,0,0,0,24.384,0,27.94,18.288,48.514,33.274,0,0
12,24.384,0,9.144,0,43.434,6.096,30.988,0,0,28.702,6.096,18.288,0,6.858,6.096,0,30.226,0,0,0,55.88,30.48,7.62,0,0,6.096,0,0,0,12.192,0,0,0,24.384,7.112,27.94,15.24,65.024,33.274,0,0
13,24.384,0,30.48,14.732,43.434,33.528,50.8,16.256,20.32,45.212,33.528,39.624,12.192,27.178,30.48,18.034,46.736,0,0,0,78.74,48.768,7.62,0,0,27.432,0,34.544,0,33.528,0,0,16.002,24.384,28.448,60.96,36.576,81.534,49.784,0,0
14,24.384,0,33.528,14.732,43.434,36.576,50.8,16.256,20.32,45.212,33.528,45.72,15.24,30.48,30.48,18.034,46.736,0,0,0,81.28,48.768,0,0,0,27.432,0,34.544,0,36.576,0,0,32.512,24.384,31.496,60.96,36.576,81.534,49.784,0,0
15,40.894,0,30.48,14.732,43.434,36.576,53.34,16.256,20.32,45.212,33.528,51.816,15.24,30.48,30.48,18.034,46.736,0,0,0,81.28,48.768,0,0,0,24.384,0,17.78,0,36.576,0,0,32.512,24.384,31.496,60.96,36.576,81.534,49.784,0,0
16,40.894,0,30.48,14.732,43.434,36.576,53.848,16.256,17.78,45.212,30.48,51.816,12.192,33.782,30.48,18.034,46.736,0,0,0,81.28,48.768,0,0,0,24.384,0,17.78,0,33.528,0,0,32.512,24.384,28.448,60.96,39.624,81.534,49.784,0,0
17,40.894,0,30.48,14.732,43.434,36.576,54.864,13.208,17.78,45.212,30.48,51.816,12.192,30.48,30.48,18.034,30.226,0,0,0,81.28,48.768,0,0,0,21.336,0,0,0,30.48,0,0,32.512,24.384,25.4,60.96,39.624,81.534,49.784,0,0
18,40.894,0,30.48,14.732,59.944,36.576,55.118,10.16,10.16,45.212,30.48,51.816,12.192,30.48,30.48,18.034,30.226,0,0,0,78.74,48.768,0,0,0,18.288,0,34.544,0,18.288,0,0,32.512,24.384,22.352,60.96,39.624,81.534,49.784,0,0
19,40.894,0,30.48,14.732,59.944,36.576,53.594,10.16,0,45.212,30.48,51.816,12.192,30.48,30.48,51.308,30.226,0,0,0,76.2,48.768,0,25.4,0,9.144,0,34.544,0,15.24,0,0,32.512,24.384,22.352,60.96,42.672,81.534,49.784,0,0
20,24.384,0,30.48,11.684,59.944,36.576,52.324,7.62,0,45.212,27.432,51.816,6.096,30.48,30.48,51.308,30.226,0,0,0,78.74,48.768,0,25.4,0,9.144,0,34.544,0,15.24,0,0,32.512,24.384,22.352,60.96,42.672,81.534,49.784,0,0
21,24.384,0,30.48,11.684,59.944,36.576,54.102,7.62,0,45.212,27.432,51.816,6.096,27.178,30.48,51.308,30.226,0,0,0,81.28,45.72,0,25.4,0,6.096,0,34.544,0,15.24,0,0,32.512,24.384,22.352,60.96,39.624,98.044,66.294,0,5.08
22,40.894,30.226,54.864,5.588,59.944,36.576,101.6,37.592,45.72,45.212,24.384,79.248,0,74.422,27.432,84.328,30.226,1.27,5.08,0,152.4,60.96,7.62,76.2,2.54,6.096,0,84.328,0,0,0,0,82.296,40.894,22.352,76.2,54.864,114.554,99.568,5.08,5.08
23,40.894,30.226,67.056,2.54,76.454,36.576,116.586,55.88,58.42,78.486,18.288,100.584,6.096,101.6,21.336,84.328,30.226,16.51,15.24,0,172.72,82.296,20.32,76.2,7.62,6.096,0,100.838,1.524,85.344,0,0,82.296,40.894,22.352,93.98,60.96,114.554,116.078,15.24,7.62
24,57.658,30.226,67.056,2.54,76.454,36.576,122.682,61.976,66.04,78.486,15.24,100.584,6.096,108.458,21.336,84.328,30.226,19.558,17.78,0,187.96,82.296,20.32,76.2,10.16,6.096,0,100.838,7.62,94.488,5.08,0,99.06,40.894,22.352,93.98,57.912,114.554,116.078,17.78,5.08
25,107.442,80.01,100.584,14.732,76.454,70.104,186.944,107.696,127,161.544,45.72,173.736,12.192,176.022,39.624,134.366,46.736,89.662,63.5,15.24,261.62,149.352,66.04,127.762,45.72,33.528,13.208,150.622,50.292,146.304,40.64,7.62,132.08,74.168,49.784,160.02,100.584,180.848,165.862,63.5,68.58
26,107.442,80.01,100.584,17.78,76.454,73.152,188.214,107.696,129.54,161.544,45.72,176.784,15.24,176.022,42.672,134.366,46.736,98.806,63.5,15.24,261.62,155.448,66.04,127.762,45.72,33.528,13.208,150.622,50.292,146.304,43.18,7.62,148.844,90.678,52.832,160.02,103.632,180.848,165.862,63.5,71.12
27,107.442,80.01,97.536,17.78,76.454,73.152,189.23,104.648,129.54,161.544,45.72,176.784,15.24,186.182,42.672,134.366,46.736,98.806,63.5,15.24,261.62,155.448,63.5,127.762,45.72,33.528,13.208,167.386,50.292,149.352,48.26,7.62,165.354,90.678,52.832,160.02,103.632,180.848,165.862,63.5,71.12
28,107.442,80.01,97.536,17.78,76.454,73.152,188.214,104.648,134.62,161.544,45.72,176.784,15.24,189.484,42.672,134.366,46.736,98.806,63.5,15.24,261.62,158.496,63.5,127.762,43.18,33.528,16.256,167.386,50.292,152.4,53.34,10.16,165.354,90.678,52.832,160.02,103.632,180.848,165.862,68.58,68.58
29,140.462,96.52,112.776,39.116,126.238,97.536,231.14,132.08,180.34,194.564,70.104,198.12,45.72,240.284,67.056,184.15,80.01,123.19,73.66,20.32,320.04,201.168,78.74,161.036,76.2,48.768,31.496,183.896,65.532,195.072,78.74,27.94,181.864,107.188,71.12,193.04,134.112,213.868,199.136,93.98,96.52
30,140.462,96.52,131.064,60.452,126.238,115.824,239.014,132.08,185.42,194.564,79.248,216.408,60.96,264.16,82.296,200.66,96.52,162.814,73.66,35.56,322.58,228.6,81.28,177.546,81.28,67.056,40.64,217.17,77.724,210.312,91.44,27.94,181.864,123.952,95.504,208.28,140.208,246.888,215.646,93.98,132.08
31,140.462,96.52,137.16,63.5,126.238,118.872,241.554,144.272,193.04,194.564,82.296,225.552,60.96,270.764,85.344,200.66,96.52,165.862,76.2,33.02,335.28,231.648,81.28,177.546,83.82,67.056,46.736,217.17,77.724,213.36,99.06,27.94,198.628,123.952,95.504,208.28,143.256,246.888,215.646,96.52,132.08
32,190.5,113.284,176.784,115.316,159.512,149.352,282.194,171.704,256.54,261.112,115.824,292.608,94.488,341.884,118.872,250.444,146.304,208.534,91.44,50.8,386.08,274.32,96.52,227.33,111.76,91.44,74.168,266.954,92.964,280.416,139.7,40.64,248.412,140.462,125.984,276.86,176.784,296.418,265.684,119.38,172.72
33,290.068,163.068,268.224,200.66,209.296,265.176,335.026,232.664,337.82,377.19,210.312,381,188.976,467.36,167.64,366.776,229.362,260.35,139.7,109.22,518.16,374.904,172.72,326.898,175.26,176.784,86.36,349.758,117.348,374.904,213.36,96.52,281.686,190.246,196.088,358.14,225.552,379.222,298.704,165.1,251.46
34,290.068,163.068,277.368,209.804,209.296,268.224,335.788,232.664,337.82,377.19,213.36,387.096,195.072,467.36,185.928,366.776,229.362,287.782,139.7,109.22,518.16,387.096,172.72,343.662,180.34,179.832,92.456,349.758,120.396,381,218.44,96.52,298.196,190.246,220.472,358.14,228.6,379.222,298.704,165.1,261.62
35,290.068,163.068,277.368,209.804,209.296,268.224,335.28,235.712,340.36,377.19,213.36,390.144,195.072,477.52,185.928,366.776,245.872,290.83,142.24,109.22,518.16,390.144,172.72,343.662,180.34,179.832,92.456,349.758,120.396,387.096,223.52,96.52,298.196,190.246,220.472,358.14,231.648,379.222,298.704,167.64,264.16
36,290.068,179.578,298.704,228.092,209.296,268.224,336.55,254,345.44,377.19,215.9,399.288,195.072,497.84,185.928,383.286,245.872,293.878,144.78,104.14,558.8,390.144,172.72,343.662,182.88,179.832,98.552,366.522,120.396,414.528,231.14,93.98,298.196,190.246,220.472,358.14,234.696,379.222,298.704,170.18,264.16
37,290.068,179.578,298.704,231.14,209.296,271.272,335.28,254,345.44,360.68,219.456,405.384,195.072,497.84,185.928,383.286,245.872,296.926,144.78,104.14,558.8,390.144,172.72,360.172,182.88,182.88,98.552,366.522,120.396,420.624,231.14,93.98,314.706,190.246,220.472,358.14,237.744,379.222,298.704,170.18,261.62
38,290.068,179.578,298.704,231.14,209.296,271.272,335.28,254,345.44,360.68,219.456,405.384,195.072,501.142,185.928,383.286,245.872,296.926,147.32,104.14,558.8,390.144,172.72,360.172,182.88,182.88,98.552,383.032,120.396,420.624,231.14,93.98,314.706,190.246,220.472,358.14,237.744,379.222,298.704,170.18,261.62
39,290.068,179.578,298.704,231.14,209.296,271.272,335.28,260.096,345.44,360.68,219.456,408.432,195.072,504.444,185.928,383.286,245.872,296.926,147.32,104.14,571.5,390.144,172.72,360.172,182.88,182.88,98.552,383.032,120.396,423.672,231.14,93.98,314.706,190.246,220.472,358.14,237.744,379.222,298.704,170.18,261.62
40,306.578,179.578,298.704,240.284,209.296,283.464,334.772,263.144,360.68,360.68,225.552,411.48,195.072,515.62,192.024,399.796,262.636,299.974,157.48,106.68,579.12,396.24,172.72,360.172,190.5,182.88,98.552,383.032,132.588,432.816,238.76,93.98,314.706,207.01,220.472,375.92,237.744,395.732,298.704,175.26,279.4
41,306.578,179.578,298.704,240.284,209.296,283.464,333.248,269.24,365.76,360.68,225.552,411.48,195.072,514.604,192.024,399.796,262.636,299.974,165.1,106.68,584.2,399.288,172.72,376.936,193.04,182.88,98.552,383.032,135.636,438.912,241.3,93.98,314.706,207.01,220.472,375.92,237.744,395.732,298.704,177.8,281.94
42,306.578,179.578,298.704,240.284,225.806,283.464,329.184,278.384,368.3,360.68,225.552,411.48,195.072,517.906,192.024,399.796,262.636,299.974,165.1,106.68,584.2,399.288,172.72,376.936,193.04,182.88,101.6,399.796,135.636,441.96,241.3,93.98,314.706,207.01,220.472,375.92,237.744,395.732,298.704,177.8,279.4
43,306.578,179.578,298.704,240.284,225.806,283.464,325.628,284.48,368.3,360.68,225.552,411.48,195.072,521.462,192.024,399.796,262.636,303.022,167.64,106.68,586.74,402.336,172.72,376.936,193.04,185.928,101.6,399.796,135.636,441.96,241.3,93.98,314.706,207.01,220.472,375.92,237.744,395.732,298.704,180.34,279.4
44,306.578,196.088,307.848,246.38,225.806,289.56,336.296,290.576,375.92,377.19,231.648,417.576,201.168,534.924,192.024,416.56,279.146,306.07,172.72,116.84,612.14,408.432,177.8,393.446,210.82,188.976,104.648,399.796,138.684,466.344,243.84,96.52,331.47,223.52,220.472,391.16,249.936,395.732,315.468,195.58,281.94
45,323.088,212.852,323.088,264.668,242.57,307.848,342.9,293.624,388.62,393.954,249.936,438.912,219.456,541.782,207.264,416.56,295.656,324.358,185.42,127,619.76,426.72,187.96,426.72,215.9,207.264,107.696,432.816,147.828,475.488,256.54,99.06,331.47,223.52,232.664,408.94,259.08,412.242,315.468,200.66,307.34
46,323.088,212.852,323.088,264.668,242.57,307.848,342.9,299.72,393.7,393.954,249.936,438.912,219.456,548.386,207.264,416.56,295.656,327.406,187.96,127,627.38,426.72,187.96,426.72,215.9,207.264,110.744,432.816,147.828,475.488,259.08,99.06,331.47,223.52,232.664,408.94,259.08,412.242,331.978,203.2,307.34
47,323.088,212.852,323.088,270.764,242.57,307.848,344.424,308.864,396.24,393.954,249.936,441.96,219.456,555.244,207.264,416.56,295.656,327.406,190.5,127,629.92,426.72,190.5,426.72,215.9,210.312,110.744,449.58,147.828,478.536,259.08,101.6,331.47,223.52,235.712,408.94,259.08,412.242,331.978,205.74,307.34
48,323.088,212.852,335.28,289.052,242.57,316.992,346.964,308.864,411.48,393.954,252.984,451.104,225.552,565.404,213.36,433.07,312.42,333.502,195.58,127,635,438.912,195.58,443.23,223.52,210.312,113.792,449.58,150.876,499.872,266.7,109.22,331.47,223.52,238.76,408.94,259.08,412.242,331.978,208.28,309.88
49,323.088,212.852,335.28,289.052,242.57,316.992,346.964,321.056,411.48,393.954,252.984,454.152,225.552,568.706,213.36,433.07,312.42,333.502,198.12,127,640.08,438.912,198.12,443.23,223.52,213.36,122.936,449.58,150.876,502.92,266.7,109.22,364.49,223.52,241.808,408.94,259.08,412.242,331.978,208.28,309.88
50,323.088,212.852,335.28,292.1,242.57,316.992,349.25,321.056,414.02,393.954,252.984,457.2,225.552,568.706,213.36,433.07,312.42,333.502,198.12,121.92,652.78,441.96,198.12,443.23,223.52,213.36,122.936,449.58,150.876,505.968,266.7,109.22,381.254,223.52,241.808,408.94,262.128,428.752,331.978,208.28,309.88
51,356.362,229.362,356.616,331.724,259.08,359.664,366.522,333.248,436.88,426.974,286.512,487.68,252.984,582.422,237.744,482.854,345.44,357.886,210.82,147.32,695.96,463.296,208.28,476.504,243.84,249.936,122.936,466.09,166.116,530.352,289.56,116.84,397.764,223.52,275.336,441.96,274.32,461.772,348.488,218.44,358.14
52,356.362,229.362,356.616,337.82,259.08,359.664,367.284,339.344,439.42,426.974,286.512,493.776,252.984,589.026,240.792,466.344,345.44,360.934,213.36,147.32,698.5,466.344,208.28,476.504,243.84,256.032,125.984,499.364,166.116,536.448,289.56,116.84,397.764,223.52,278.384,441.96,274.32,461.772,348.488,218.44,360.68
53,372.872,229.362,381,365.252,275.844,371.856,382.778,354.584,462.28,460.248,304.8,515.112,265.176,606.044,243.84,499.364,362.204,370.078,218.44,147.32,726.44,478.536,210.82,509.524,251.46,265.176,129.032,499.364,166.116,566.928,302.26,116.84,414.274,240.03,284.48,459.74,280.416,461.772,365.252,228.6,370.84
54,372.872,229.362,387.096,371.348,275.844,374.904,384.81,354.584,462.28,460.248,307.848,521.208,268.224,606.044,246.888,499.364,362.204,376.174,218.44,147.32,726.44,484.632,213.36,526.288,254,268.224,135.128,515.874,166.116,566.928,302.26,116.84,414.274,240.03,287.528,459.74,280.416,478.536,365.252,228.6,373.38
55,372.872,229.362,387.096,374.396,275.844,374.904,384.556,363.728,464.82,460.248,307.848,521.208,268.224,612.902,246.888,499.364,362.204,376.174,220.98,147.32,736.6,484.632,213.36,526.288,254,271.272,135.128,515.874,166.116,566.928,304.8,116.84,414.274,240.03,290.576,459.74,280.416,478.536,365.252,228.6,373.38
56,372.872,229.362,387.096,374.396,275.844,374.904,384.302,363.728,467.36,460.248,310.896,521.208,268.224,619.506,246.888,499.364,362.204,376.174,220.98,147.32,744.22,484.632,213.36,526.288,254,271.272,135.128,515.874,166.116,573.024,307.34,116.84,431.038,256.794,290.576,459.74,280.416,478.536,381.762,231.14,375.92
57,372.872,229.362,390.144,374.396,275.844,374.904,384.302,363.728,467.36,460.248,310.896,524.256,268.224,626.364,246.888,499.364,362.204,379.222,223.52,147.32,744.22,487.68,213.36,526.288,254,274.32,135.128,515.874,166.116,573.024,307.34,116.84,431.038,256.794,293.624,459.74,283.464,478.536,381.762,231.14,375.92
58,372.872,229.362,390.144,377.444,275.844,374.904,385.826,363.728,469.9,460.248,310.896,527.304,268.224,629.666,246.888,499.364,362.204,379.222,223.52,149.86,762,487.68,213.36,526.288,256.54,274.32,141.224,532.384,166.116,582.168,307.34,111.76,431.038,256.794,293.624,459.74,283.464,478.536,381.762,231.14,375.92
59,389.636,229.362,408.432,380.492,308.864,411.48,405.638,369.824,487.68,476.758,309.88,554.736,298.704,649.986,265.176,532.638,395.224,406.654,228.6,154.94,777.24,512.064,223.52,559.308,264.16,292.608,147.32,549.148,172.212,606.552,317.5,111.76,447.548,256.794,324.104,492.76,304.8,511.556,415.036,238.76,411.48
60,406.146,245.872,426.72,383.54,342.138,432.816,433.324,391.16,502.92,510.032,309.88,582.168,323.088,670.306,283.464,549.148,395.224,446.278,236.22,154.94,792.48,545.592,226.06,592.582,269.24,298.704,171.704,565.658,184.404,627.888,325.12,111.76,464.058,256.794,345.44,525.78,329.184,544.576,448.056,248.92,454.66
61,422.91,245.872,445.008,383.54,342.138,441.96,451.358,409.448,525.78,510.032,307.34,603.504,332.232,694.182,286.512,565.912,395.224,455.422,243.84,160.02,825.5,560.832,231.14,609.346,276.86,298.704,189.992,582.168,190.5,655.32,337.82,111.76,480.822,273.304,354.584,541.02,344.424,561.086,464.82,256.54,464.82
62,422.91,245.872,448.056,383.54,342.138,445.008,450.088,412.496,525.78,510.032,307.34,606.552,335.28,700.786,289.56,582.422,395.224,458.47,243.84,160.02,830.58,563.88,231.14,609.346,276.86,298.704,189.992,598.932,190.5,658.368,337.82,111.76,480.822,273.304,357.632,541.02,347.472,561.086,464.82,256.54,464.82
63,422.91,245.872,451.104,383.54,358.648,445.008,450.342,418.592,528.32,526.796,307.34,606.552,335.28,707.644,289.56,582.422,395.224,458.47,246.38,160.02,840.74,563.88,231.14,609.346,276.86,298.704,196.088,598.932,190.5,658.368,337.82,111.76,497.332,273.304,360.68,541.02,350.52,561.086,464.82,259.08,464.82
64,439.42,245.872,472.44,395.732,375.412,475.488,474.472,439.928,563.88,526.796,302.26,643.128,356.616,731.266,304.8,615.696,395.224,485.902,259.08,160.02,866.14,594.36,241.3,642.366,292.1,323.088,199.136,632.206,202.692,691.896,353.06,111.76,530.606,289.814,378.968,574.04,371.856,594.106,481.33,269.24,490.22
65,439.42,245.872,472.44,395.732,375.412,478.536,474.472,439.928,563.88,526.796,297.18,646.176,356.616,731.266,307.848,615.696,395.224,491.998,259.08,162.56,866.14,597.408,241.3,642.366,292.1,329.184,202.184,632.206,202.692,691.896,353.06,111.76,530.606,289.814,382.016,574.04,371.856,594.106,498.094,269.24,492.76
66,439.42,245.872,472.44,398.78,375.412,478.536,474.472,442.976,563.88,526.796,284.48,646.176,356.616,741.426,310.896,615.696,395.224,495.046,259.08,162.56,866.14,597.408,241.3,642.366,292.1,332.232,208.28,632.206,205.74,694.944,353.06,109.22,530.606,289.814,382.016,574.04,371.856,594.106,498.094,269.24,495.3
67,439.42,245.872,472.44,398.78,375.412,478.536,474.472,449.072,579.12,526.796,284.48,646.176,356.616,758.444,310.896,615.696,395.224,498.094,261.62,162.56,876.3,597.408,243.84,642.366,292.1,335.28,208.28,632.206,205.74,713.232,358.14,106.68,530.606,289.814,382.016,574.04,371.856,594.106,498.094,274.32,497.84
68,439.42,245.872,472.44,398.78,375.412,478.536,474.472,452.12,579.12,526.796,284.48,652.272,356.616,765.302,310.896,632.206,395.224,498.094,264.16,162.56,883.92,600.456,243.84,642.366,292.1,338.328,208.28,648.716,205.74,725.424,358.14,99.06,530.606,289.814,382.016,574.04,371.856,594.106,498.094,274.32,497.84
69,439.42,245.872,472.44,398.78,375.412,478.536,473.202,452.12,579.12,526.796,284.48,652.272,359.664,765.302,310.896,632.206,395.224,498.094,264.16,162.56,883.92,600.456,243.84,642.366,292.1,338.328,208.28,648.716,205.74,725.424,358.14,91.44,530.606,289.814,382.016,574.04,371.856,594.106,498.094,274.32,497.84
70,439.42,245.872,472.44,398.78,375.412,478.536,472.948,452.12,579.12,526.796,284.48,652.272,359.664,765.302,310.896,632.206,395.224,498.094,264.16,162.56,881.38,600.456,243.84,642.366,292.1,338.328,208.28,648.716,205.74,725.424,358.14,88.9,530.606,289.814,382.016,574.04,371.856,594.106,498.094,271.78,497.84
71,439.42,245.872,475.488,398.78,375.412,478.536,470.916,452.12,579.12,526.796,289.56,655.32,359.664,765.302,310.896,632.206,395.224,498.094,264.16,162.56,881.38,603.504,243.84,659.13,292.1,338.328,208.28,648.716,205.74,725.424,355.6,88.9,530.606,289.814,378.968,574.04,371.856,594.106,481.33,271.78,497.84
72,439.42,245.872,475.488,398.78,375.412,478.536,469.392,452.12,579.12,526.796,289.56,655.32,359.664,765.302,310.896,632.206,395.224,501.142,264.16,157.48,881.38,603.504,243.84,659.13,292.1,338.328,211.328,648.716,205.74,728.472,355.6,86.36,530.606,289.814,375.92,574.04,368.808,594.106,481.33,271.78,495.3
73,439.42,245.872,478.536,398.78,375.412,478.536,468.63,452.12,579.12,526.796,289.56,655.32,359.664,765.302,310.896,632.206,395.224,501.142,261.62,154.94,881.38,603.504,243.84,659.13,292.1,338.328,211.328,648.716,205.74,731.52,355.6,86.36,530.606,289.814,372.872,574.04,365.76,594.106,481.33,271.78,492.76
74,439.42,245.872,478.536,398.78,375.412,478.536,468.376,449.072,576.58,526.796,289.56,655.32,359.664,762.254,310.896,632.206,395.224,501.142,259.08,152.4,881.38,603.504,243.84,659.13,292.1,341.376,211.328,648.716,205.74,731.52,355.6,83.82,530.606,289.814,372.872,574.04,365.76,594.106,481.33,271.78,492.76
75,439.42,245.872,478.536,398.78,375.412,478.536,467.614,449.072,576.58,526.796,289.56,658.368,359.664,762.254,310.896,632.206,395.224,501.142,256.54,152.4,881.38,603.504,243.84,659.13,292.1,341.376,211.328,648.716,205.74,731.52,353.06,81.28,530.606,289.814,369.824,574.04,362.712,594.106,481.33,271.78,492.76
76,439.42,245.872,478.536,398.78,375.412,478.536,467.614,439.928,568.96,526.796,289.56,658.368,359.664,751.586,310.896,632.206,395.224,501.142,248.92,152.4,881.38,603.504,241.3,659.13,292.1,341.376,211.328,632.206,205.74,731.52,350.52,78.74,530.606,289.814,369.824,574.04,359.664,594.106,481.33,266.7,490.22
77,439.42,245.872,478.536,398.78,375.412,478.536,466.344,439.928,566.42,510.032,289.56,658.368,359.664,751.586,310.896,632.206,395.224,498.094,243.84,152.4,881.38,600.456,241.3,659.13,292.1,341.376,211.328,632.206,205.74,731.52,347.98,76.2,514.096,289.814,366.776,574.04,356.616,594.106,481.33,264.16,490.22
78,439.42,245.872,478.536,398.78,375.412,478.536,465.582,436.88,566.42,510.032,289.56,658.368,359.664,751.586,307.848,632.206,395.224,498.094,241.3,152.4,878.84,600.456,241.3,659.13,292.1,335.28,208.28,632.206,202.692,731.52,347.98,76.2,514.096,289.814,366.776,574.04,353.568,594.106,481.33,264.16,490.22
79,439.42,245.872,478.536,395.732,375.412,478.536,465.328,424.688,566.42,510.032,290.068,655.32,359.664,751.586,298.704,632.206,395.224,498.094,241.3,152.4,878.84,600.456,241.3,659.13,292.1,335.28,208.28,632.206,202.692,734.568,347.98,76.2,514.096,289.814,366.776,574.04,350.52,577.596,481.33,261.62,487.68
80,439.42,245.872,475.488,392.684,375.412,478.536,464.566,424.688,566.42,510.032,292.1,655.32,359.664,751.586,298.704,632.206,395.224,498.094,241.3,152.4,878.84,600.456,241.3,659.13,289.56,335.28,208.28,632.206,199.644,740.664,342.9,81.28,497.332,289.814,366.776,574.04,350.52,577.596,481.33,261.62,487.68
81,422.91,245.872,469.392,392.684,375.412,478.536,464.312,421.64,566.42,493.522,305.308,655.32,365.76,751.586,298.704,632.206,395.224,498.094,238.76,152.4,878.84,600.456,241.3,659.13,289.56,335.28,208.28,632.206,199.644,743.712,340.36,81.28,497.332,289.814,366.776,558.8,347.472,577.596,481.33,261.62,487.68
82,422.91,245.872,469.392,392.684,375.412,478.536,464.312,418.592,566.42,493.522,335.788,655.32,365.76,751.586,298.704,632.206,411.988,498.094,238.76,162.56,878.84,600.456,241.3,659.13,289.56,344.424,208.28,632.206,199.644,749.808,340.36,81.28,497.332,289.814,366.776,558.8,347.472,577.596,481.33,261.62,485.14
83,422.91,245.872,469.392,392.684,375.412,478.536,464.312,415.544,566.42,493.522,351.028,655.32,365.76,751.586,295.656,632.206,411.988,498.094,238.76,162.56,878.84,600.456,241.3,659.13,289.56,347.472,208.28,632.206,196.596,758.952,340.36,81.28,497.332,289.814,366.776,574.04,347.472,577.596,481.33,259.08,485.14
84,422.91,245.872,466.344,398.78,375.412,478.536,464.312,412.496,563.88,493.522,357.124,655.32,365.76,751.586,295.656,648.97,411.988,498.094,238.76,160.02,878.84,600.456,241.3,659.13,289.56,353.568,208.28,648.716,196.596,758.952,340.36,78.74,497.332,289.814,366.776,558.8,344.424,577.596,481.33,259.08,485.14
85,422.91,262.636,466.344,398.78,375.412,478.536,464.312,409.448,563.88,493.522,360.172,655.32,359.664,751.586,295.656,648.97,411.988,498.094,238.76,160.02,878.84,600.456,241.3,675.64,289.56,359.664,208.28,648.716,196.596,768.096,340.36,78.74,497.332,289.814,369.824,558.8,344.424,577.596,481.33,259.08,485.14
86,422.91,262.636,463.296,401.828,358.648,481.584,464.312,409.448,563.88,493.522,363.22,655.32,356.616,758.444,295.656,648.97,411.988,498.094,238.76,160.02,891.54,600.456,241.3,675.64,287.02,359.664,208.28,648.716,196.596,768.096,340.36,78.74,497.332,289.814,369.824,558.8,344.424,577.596,481.33,259.08,485.14
87,422.91,262.636,463.296,404.876,358.648,481.584,466.598,406.4,563.88,493.522,363.22,655.32,356.616,758.444,295.656,648.97,411.988,498.094,238.76,160.02,899.16,600.456,241.3,692.15,284.48,359.664,208.28,665.226,196.596,774.192,340.36,78.74,497.332,289.814,369.824,558.8,347.472,594.106,481.33,259.08,485.14
88,439.42,262.636,463.296,426.212,391.922,484.632,481.584,406.4,586.74,510.032,391.16,658.368,353.568,768.604,295.656,681.99,445.008,501.142,243.84,165.1,944.88,606.552,243.84,741.934,299.72,365.76,208.28,681.99,202.692,807.72,353.06,83.82,514.096,289.814,369.824,591.82,359.664,594.106,481.33,261.62,495.3
89,455.93,279.146,472.44,432.308,391.922,512.064,495.808,403.352,586.74,526.796,391.16,661.416,365.76,768.604,316.992,681.99,445.008,513.334,243.84,172.72,955.04,637.032,243.84,758.698,307.34,393.192,208.28,698.5,217.932,816.864,358.14,83.82,514.096,306.578,391.16,591.82,362.712,610.616,498.094,266.7,530.86
90,472.694,279.146,493.776,435.356,408.432,533.4,499.364,403.352,594.36,526.796,391.16,670.56,377.952,775.462,338.328,698.754,445.008,528.574,243.84,172.72,960.12,658.368,243.84,775.208,307.34,414.528,214.376,698.5,227.076,829.056,365.76,83.82,514.096,306.578,415.544,591.82,362.712,627.126,514.604,266.7,561.34
91,472.694,279.146,505.968,435.356,408.432,539.496,497.078,403.352,599.44,526.796,391.16,673.608,381,788.924,344.424,698.754,445.008,531.622,243.84,170.18,960.12,658.368,248.92,775.208,307.34,420.624,217.424,698.5,227.076,829.056,365.76,83.82,514.096,306.578,421.64,591.82,362.712,627.126,514.604,266.7,571.5
92,472.694,279.146,515.112,438.404,408.432,542.544,492.76,403.352,604.52,526.796,391.16,679.704,381,788.924,344.424,698.754,445.008,534.67,243.84,167.64,960.12,661.416,251.46,775.208,307.34,420.624,220.472,698.5,233.172,832.104,365.76,83.82,514.096,306.578,424.688,591.82,362.712,627.126,514.604,269.24,574.04
93,472.694,279.146,521.208,441.452,622.3,548.64,489.458,403.352,609.6,526.796,391.16,679.704,381,788.924,344.424,698.754,445.008,537.718,243.84,165.1,960.12,664.464,251.46,775.208,307.34,423.672,220.472,698.5,233.172,832.104,365.76,88.9,514.096,306.578,424.688,591.82,362.712,647.7,514.604,269.24,579.12
94,472.694,279.146,527.304,444.5,408.432,551.688,487.426,400.304,609.6,526.796,391.16,679.704,381,788.924,344.424,698.754,445.008,537.718,243.84,160.02,960.12,664.464,251.46,775.208,307.34,426.72,220.472,698.5,236.22,838.2,365.76,88.9,514.096,306.578,427.736,591.82,362.712,627.126,514.604,269.24,581.66
95,472.694,279.146,530.352,447.548,408.432,554.736,484.886,400.304,609.6,526.796,391.16,679.704,381,788.924,344.424,698.754,445.008,537.718,243.84,160.02,960.12,664.464,251.46,775.208,307.34,426.72,220.472,698.5,236.22,838.2,365.76,88.9,514.096,306.578,427.736,591.82,362.712,627.126,514.604,269.24,584.2
96,472.694,279.146,530.352,447.548,408.432,554.736,483.108,400.304,609.6,526.796,391.16,679.704,381,788.924,344.424,698.754,445.008,537.718,243.84,160.02,960.12,664.464,251.46,775.208,307.34,426.72,220.472,698.5,236.22,844.296,365.76,88.9,514.096,306.578,427.736,591.82,362.712,627.126,514.604,269.24,584.2
97,472.694,279.146,533.4,450.596,408.432,557.784,483.108,400.304,609.6,526.796,391.16,679.704,384.048,788.924,344.424,698.754,445.008,540.766,243.84,160.02,960.12,667.512,251.46,775.208,309.88,426.72,220.472,698.5,236.22,850.392,363.22,88.9,514.096,306.578,427.736,574.04,362.712,627.126,514.604,269.24,574.04
98,472.694,279.146,533.4,450.596,408.432,557.784,483.108,400.304,609.6,526.796,391.16,679.704,384.048,788.924,344.424,698.754,445.008,540.766,243.84,160.02,962.66,667.512,251.46,775.208,312.42,429.768,229.616,698.5,236.22,853.44,360.68,88.9,514.096,306.578,427.736,574.04,362.712,627.126,514.604,269.24,566.42
99,472.694,279.146,533.4,450.596,408.432,560.832,483.87,400.304,609.6,526.796,391.16,679.704,384.048,788.924,344.424,698.754,445.008,540.766,243.84,157.48,967.74,667.512,251.46,775.208,312.42,429.768,232.664,698.5,236.22,862.584,360.68,88.9,514.096,306.578,427.736,574.04,362.712,627.126,514.604,269.24,566.42
100,472.694,279.146,545.592,465.836,408.432,582.168,499.364,400.304,619.76,526.796,399.796,685.8,387.096,805.942,356.616,731.774,461.772,543.814,251.46,170.18,998.22,679.704,256.54,791.718,330.2,435.864,235.712,748.284,239.268,886.968,378.46,99.06,514.096,306.578,433.832,591.82,362.712,643.636,514.604,276.86,586.74
101,472.694,279.146,551.688,465.836,425.196,588.264,500.38,400.304,619.76,526.796,408.94,691.896,390.144,805.942,359.664,731.774,461.772,549.91,251.46,175.26,998.22,685.8,256.54,791.718,330.2,435.864,235.712,748.284,239.268,893.064,378.46,104.14,530.606,306.578,436.88,591.82,362.712,643.636,514.604,276.86,589.28
102,472.694,279.146,551.688,468.884,425.196,588.264,501.142,400.304,619.76,526.796,414.02,697.992,390.144,805.942,362.712,731.774,461.772,556.006,251.46,185.42,1000.76,685.8,256.54,791.718,330.2,435.864,235.712,748.284,239.268,893.064,381,104.14,530.606,306.578,436.88,591.82,362.712,643.636,514.604,276.86,589.28
103,472.694,279.146,551.688,474.98,425.196,591.312,501.396,400.304,619.76,543.306,414.02,701.04,390.144,809.244,362.712,731.774,461.772,559.054,251.46,187.96,1008.38,685.8,256.54,791.718,327.66,435.864,235.712,748.284,239.268,899.16,386.08,104.14,530.606,306.578,436.88,591.82,362.712,643.636,514.604,276.86,591.82
104,472.694,279.146,554.736,481.076,425.196,594.36,502.412,400.304,619.76,543.306,414.02,701.04,390.144,812.546,362.712,731.774,461.772,559.054,251.46,187.96,1010.92,685.8,256.54,791.718,325.12,435.864,235.712,748.284,242.316,899.16,388.62,104.14,530.606,306.578,436.88,591.82,362.712,643.636,514.604,276.86,596.9
105,472.694,279.146,554.736,484.124,425.196,594.36,501.396,400.304,619.76,543.306,414.02,701.04,390.144,812.546,362.712,731.774,461.772,559.054,251.46,187.96,1010.92,685.8,256.54,791.718,325.12,435.864,235.712,748.284,245.364,899.16,391.16,104.14,530.606,306.578,436.88,591.82,362.712,643.636,514.604,276.86,596.9
106,472.694,279.146,554.736,484.124,425.196,594.36,501.65,400.304,619.76,543.306,414.02,701.04,390.144,812.546,362.712,748.538,461.772,559.054,254,185.42,1016,685.8,256.54,791.718,325.12,435.864,235.712,748.284,245.364,899.16,393.7,99.06,530.606,306.578,436.88,591.82,368.808,643.636,531.114,276.86,596.9
107,472.694,279.146,554.736,490.22,425.196,597.408,501.142,397.256,619.76,543.306,414.02,701.04,390.144,812.546,362.712,748.538,461.772,559.054,254,185.42,1016,691.896,256.54,791.718,325.12,435.864,235.712,748.284,251.46,899.16,396.24,93.98,530.606,306.578,436.88,591.82,374.904,643.636,531.114,276.86,596.9
108,472.694,279.146,554.736,490.22,425.196,597.408,501.65,397.256,629.92,559.816,414.02,701.04,390.144,816.102,365.76,748.538,461.772,562.102,259.08,190.5,1033.78,691.896,261.62,808.482,330.2,435.864,235.712,748.284,254.508,899.16,406.4,91.44,547.116,306.578,436.88,607.06,381,643.636,531.114,281.94,596.9
109,489.204,279.146,560.832,493.268,425.196,609.6,514.35,397.256,647.7,559.816,421.64,707.136,393.192,822.706,377.952,765.048,478.282,568.198,259.08,193.04,1071.88,704.088,271.78,824.992,340.36,445.008,235.712,764.794,263.652,899.16,414.02,88.9,563.88,323.088,439.928,624.84,396.24,660.4,531.114,289.56,601.98
110,489.204,295.91,579.12,523.748,441.706,630.936,520.192,397.256,662.94,559.816,439.42,734.568,402.336,832.866,399.288,781.558,478.282,583.438,264.16,193.04,1074.42,725.424,279.4,841.756,353.06,469.392,235.712,781.558,266.7,917.448,424.18,88.9,563.88,323.088,458.216,642.62,408.432,676.91,547.878,292.1,637.54
111,489.204,295.91,585.216,529.844,441.706,633.984,518.668,397.256,668.02,559.816,439.42,740.664,405.384,846.582,402.336,781.558,478.282,586.486,266.7,193.04,1076.96,728.472,279.4,841.756,355.6,472.44,238.76,781.558,266.7,926.592,429.26,88.9,563.88,323.088,464.312,642.62,414.528,676.91,547.878,294.64,637.54
112,489.204,295.91,618.744,542.036,458.216,637.032,535.686,409.448,688.34,559.816,439.42,765.048,411.48,876.808,405.384,798.322,495.046,592.582,266.7,193.04,1107.44,743.712,279.4,858.266,363.22,472.44,244.856,798.068,266.7,969.264,439.42,86.36,563.88,323.088,464.312,657.86,426.72,693.42,564.388,294.64,637.54
113,489.204,295.91,624.84,542.036,458.216,637.032,535.94,409.448,690.88,559.816,439.42,774.192,411.48,893.826,405.384,798.322,495.046,595.63,266.7,193.04,1109.98,743.712,279.4,858.266,365.76,472.44,244.856,798.068,266.7,978.408,441.96,73.66,563.88,323.088,464.312,657.86,426.72,693.42,564.388,294.64,637.54
114,489.204,279.146,633.984,545.084,458.216,637.032,536.956,409.448,690.88,559.816,442.468,777.24,411.48,893.826,405.384,798.322,495.046,595.63,266.7,187.96,1120.14,743.712,279.4,858.266,365.76,472.44,244.856,798.068,266.7,978.408,444.5,63.5,596.9,323.088,461.264,657.86,426.72,693.42,564.388,294.64,635
115,472.694,279.146,637.032,545.084,458.216,637.032,540.766,409.448,690.88,593.09,445.516,777.24,411.48,893.826,405.384,814.832,478.282,598.678,266.7,187.96,1120.14,743.712,279.4,874.776,368.3,466.344,244.856,798.068,266.7,978.408,447.04,43.18,613.664,323.088,455.168,657.86,426.72,693.42,564.388,292.1,632.46
116,472.694,279.146,637.032,545.084,458.216,637.032,540.004,409.448,690.88,593.09,445.516,777.24,411.48,893.826,402.336,814.832,478.282,598.678,266.7,185.42,1120.14,743.712,281.94,874.776,370.84,463.296,244.856,798.068,266.7,978.408,447.04,33.02,613.664,323.088,455.168,657.86,426.72,693.42,564.388,292.1,632.46
117,472.694,262.636,643.128,548.132,458.216,637.032,540.004,409.448,690.88,593.09,451.612,780.288,411.48,893.826,396.24,814.832,478.282,607.822,266.7,177.8,1120.14,743.712,284.48,874.776,370.84,457.2,244.856,798.068,266.7,978.408,447.04,25.4,613.664,306.578,452.12,657.86,426.72,676.91,564.388,292.1,632.46
118,472.694,262.636,646.176,551.18,458.216,637.032,540.004,409.448,690.88,593.09,451.612,783.336,411.48,893.826,396.24,814.832,461.772,607.822,266.7,175.26,1120.14,743.712,284.48,874.776,370.84,445.008,244.856,798.068,269.748,978.408,447.04,20.32,613.664,306.578,449.072,657.86,426.72,676.91,564.388,292.1,632.46
119,455.93,262.636,649.224,551.18,458.216,630.936,540.004,409.448,698.5,609.6,451.612,783.336,408.432,893.826,393.192,814.832,461.772,607.822,266.7,172.72,1120.14,743.712,284.48,874.776,370.84,432.816,244.856,781.558,269.748,978.408,447.04,7.62,613.664,306.578,442.976,657.86,426.72,676.91,564.388,289.56,632.46
120,455.93,262.636,649.224,551.18,458.216,630.936,540.004,412.496,701.04,609.6,451.612,783.336,399.288,893.826,393.192,814.832,461.772,607.822,266.7,172.72,1120.14,743.712,284.48,858.266,370.84,420.624,244.856,781.558,272.796,978.408,447.04,0,613.664,306.578,439.928,657.86,426.72,676.91,564.388,289.56,632.46
121,455.93,262.636,652.272,551.18,458.216,627.888,540.004,412.496,708.66,609.6,451.612,783.336,396.24,893.826,387.096,814.832,461.772,604.774,266.7,170.18,1115.06,743.712,284.48,858.266,368.3,408.432,244.856,781.558,275.844,978.408,447.04,0,613.664,306.578,436.88,657.86,426.72,731.52,564.388,289.56,632.46
122,455.93,262.636,652.272,551.18,441.706,621.792,539.242,412.496,713.74,609.6,454.66,783.336,387.096,893.826,384.048,814.832,445.008,601.726,266.7,165.1,1109.98,743.712,284.48,858.266,368.3,402.336,244.856,781.558,278.892,978.408,447.04,0,596.9,306.578,433.832,657.86,426.72,676.91,564.388,289.56,632.46
123,455.93,262.636,652.272,551.18,441.706,621.792,537.718,412.496,713.74,609.6,454.66,783.336,387.096,893.826,381,814.832,445.008,601.726,264.16,162.56,1109.98,743.712,284.48,858.266,365.76,399.288,244.856,781.558,281.94,978.408,444.5,0,596.9,306.578,433.832,657.86,426.72,676.91,564.388,289.56,629.92
124,455.93,262.636,652.272,551.18,441.706,618.744,538.226,418.592,713.74,609.6,454.66,786.384,384.048,893.826,381,814.832,445.008,601.726,264.16,162.56,1109.98,743.712,284.48,858.266,363.22,399.288,241.808,781.558,281.94,981.456,441.96,0,596.9,323.088,433.832,657.86,426.72,676.91,564.388,289.56,629.92
125,455.93,279.146,655.32,551.18,425.196,615.696,536.702,424.688,713.74,609.6,454.66,786.384,377.952,893.826,381,814.832,428.498,601.726,264.16,157.48,1117.6,743.712,284.48,858.266,363.22,396.24,238.76,781.558,275.844,987.552,439.42,0,596.9,323.088,433.832,657.86,426.72,676.91,564.388,289.56,629.92
126,455.93,279.146,655.32,551.18,425.196,612.648,537.972,430.784,701.04,609.6,454.66,786.384,374.904,900.684,381,814.832,428.498,598.678,264.16,129.54,1117.6,743.712,279.4,874.776,353.06,387.096,220.472,781.558,275.844,999.744,439.42,0,596.9,323.088,427.736,657.86,426.72,676.91,547.878,289.56,629.92
127,505.714,295.91,694.944,575.564,441.706,676.656,578.358,446.024,762,609.6,488.188,822.96,411.48,941.324,408.432,881.38,478.282,604.774,281.94,147.32,1178.56,795.528,320.04,924.56,386.08,472.44,244.856,814.578,312.42,1069.848,467.36,25.4,630.174,339.598,458.216,708.66,454.152,726.44,580.898,312.42,673.1
128,522.478,312.42,725.424,609.092,458.216,710.184,594.106,461.264,782.32,626.364,509.524,868.68,432.816,975.106,426.72,914.4,511.556,620.014,294.64,160.02,1216.66,819.912,327.66,957.834,411.48,509.016,250.952,831.342,318.516,1118.616,487.68,33.02,646.684,339.598,485.648,723.9,463.296,742.95,597.662,320.04,698.5
129,522.478,312.42,728.472,618.236,474.98,716.28,592.582,467.36,784.86,642.874,518.668,880.872,438.912,995.426,429.768,914.4,511.556,626.11,294.64,160.02,1219.2,822.96,327.66,957.834,411.48,518.16,250.952,847.852,318.516,1139.952,492.76,33.02,646.684,339.598,494.792,723.9,463.296,742.95,597.662,322.58,701.04
130,522.478,312.42,731.52,627.38,474.98,722.376,594.36,482.6,784.86,659.384,521.716,880.872,441.96,1008.888,435.864,914.4,511.556,626.11,294.64,160.02,1231.9,822.96,330.2,957.834,414.02,521.208,250.952,847.852,318.516,1149.096,492.76,30.48,663.448,339.598,497.84,723.9,466.344,742.95,597.662,322.58,701.04
131,522.478,312.42,746.76,642.62,474.98,722.376,601.726,482.6,797.56,659.384,527.812,893.064,441.96,1015.746,438.912,931.164,511.556,629.158,297.18,157.48,1244.6,826.008,330.2,974.344,414.02,524.256,250.952,847.852,318.516,1170.432,500.38,30.48,679.958,339.598,497.84,741.68,466.344,742.95,597.662,325.12,701.04
132,522.478,312.42,749.808,648.716,474.98,728.472,601.726,491.744,797.56,659.384,530.86,899.16,445.008,1023.62,438.912,931.164,511.556,632.206,297.18,157.48,1252.22,826.008,332.74,991.108,414.02,524.256,250.952,864.616,312.42,1179.576,508,22.86,679.958,339.598,497.84,741.68,466.344,742.95,597.662,327.66,701.04
133,522.478,312.42,749.808,651.764,474.98,728.472,608.584,491.744,795.02,659.384,530.86,899.16,445.008,1023.62,438.912,931.164,511.556,632.206,299.72,157.48,1252.22,829.056,332.74,991.108,414.02,521.208,257.048,864.616,309.88,1182.624,508,5.08,696.468,323.088,491.744,741.68,466.344,726.44,597.662,327.66,698.5
134,522.478,312.42,749.808,651.764,474.98,728.472,606.298,491.744,792.48,659.384,533.908,899.16,445.008,1022.604,438.912,931.164,511.556,632.206,299.72,157.48,1252.22,829.056,332.74,991.108,414.02,521.208,257.048,864.616,306.324,1182.624,508,0,696.468,323.088,491.744,741.68,463.296,726.44,597.662,327.66,698.5
135,522.478,312.42,749.808,654.812,491.49,728.472,606.044,491.744,792.48,676.148,536.956,899.16,445.008,1022.604,438.912,931.164,511.556,632.206,307.34,154.94,1254.76,832.104,340.36,991.108,414.02,521.208,257.048,864.616,306.324,1182.624,508,0,696.468,323.088,491.744,741.68,457.2,726.44,597.662,327.66,698.5
136,522.478,312.42,749.808,654.812,491.49,740.664,607.314,491.744,800.1,676.148,543.052,899.16,445.008,1036.066,438.912,947.674,528.066,632.206,307.34,154.94,1257.3,832.104,342.9,991.108,424.18,539.496,257.048,881.126,309.372,1191.768,510.54,0,696.468,323.088,491.744,756.92,457.2,726.44,597.662,330.2,703.58
137,522.478,312.42,752.856,667.004,491.49,752.856,608.076,497.84,805.18,676.148,552.196,905.256,445.008,1046.226,451.104,964.184,544.83,632.206,307.34,157.48,1270,835.152,345.44,1007.618,429.26,554.736,257.048,881.126,312.42,1207.008,513.08,2.54,696.468,339.598,503.936,756.92,457.2,742.95,614.172,332.74,718.82
138,522.478,312.42,758.952,682.244,491.49,768.096,609.6,503.936,817.88,676.148,561.34,914.4,451.104,1056.386,457.2,964.184,544.83,638.302,309.88,160.02,1272.54,841.248,353.06,1024.128,436.88,573.024,263.144,881.126,312.42,1222.248,513.08,7.62,696.468,339.598,510.032,774.7,457.2,759.46,614.172,332.74,726.44
139,522.478,312.42,758.952,688.34,474.98,771.144,610.362,510.032,817.88,676.148,567.436,920.496,451.104,1069.848,466.344,980.948,544.83,644.398,309.88,160.02,1272.54,844.296,353.06,1024.128,436.88,585.216,263.144,881.126,312.42,1225.296,513.08,0,696.468,356.362,519.176,774.7,457.2,759.46,614.172,332.74,726.44
140,505.714,312.42,755.904,688.34,474.98,771.144,609.346,510.032,817.88,676.148,570.484,920.496,451.104,1080.008,466.344,980.948,544.83,644.398,309.88,160.02,1282.7,850.392,353.06,1024.128,431.8,579.12,281.432,881.126,312.42,1225.296,513.08,0,696.468,356.362,519.176,774.7,460.248,759.46,614.172,332.74,726.44
141,505.714,312.42,752.856,688.34,474.98,771.144,608.33,508,815.34,676.148,573.532,920.496,448.056,1093.724,460.248,980.948,528.066,644.398,309.88,160.02,1287.78,850.392,358.14,1024.128,419.1,566.928,281.432,881.126,312.42,1222.248,513.08,0,696.468,356.362,519.176,774.7,460.248,759.46,597.662,332.74,718.82
142,505.714,312.42,749.808,673.1,474.98,771.144,608.838,488.696,807.72,676.148,564.388,920.496,438.912,1093.724,454.152,980.948,528.066,644.398,309.88,160.02,1295.4,850.392,360.68,1024.128,411.48,551.688,281.432,881.126,312.42,1216.152,513.08,0,713.232,356.362,506.984,756.92,460.248,742.95,597.662,332.74,708.66
143,538.988,312.42,755.904,679.196,491.49,777.24,612.14,488.696,843.28,692.658,570.484,920.496,438.912,1103.884,451.104,1013.968,544.83,647.446,314.96,144.78,1318.26,859.536,365.76,1024.128,426.72,569.976,281.432,914.4,324.612,1243.584,530.86,20.32,729.742,356.362,503.936,756.92,463.296,775.97,597.662,335.28,721.36
144,572.262,328.93,786.384,715.772,558.038,810.768,637.54,525.272,868.68,692.658,597.916,954.024,454.152,1134.364,469.392,1030.732,594.614,671.83,327.66,147.32,1348.74,886.968,365.76,1074.166,434.34,603.504,281.432,930.91,336.804,1292.352,558.8,25.4,729.742,356.362,543.56,774.7,469.392,792.48,630.682,337.82,754.38
145,572.262,328.93,792.48,727.964,574.548,819.912,637.54,540.512,868.68,692.658,607.06,963.168,460.248,1144.524,475.488,1030.732,594.614,674.878,327.66,137.16,1348.74,893.064,365.76,1074.166,434.34,612.648,281.432,930.91,336.804,1304.544,561.34,17.78,729.742,356.362,555.752,774.7,469.392,808.99,630.682,337.82,762
146,572.262,328.93,792.48,737.108,574.548,822.96,637.54,552.704,873.76,692.658,610.108,966.216,463.296,1151.128,481.584,1030.732,594.614,677.926,327.66,127,1348.74,896.112,365.76,1074.166,434.34,621.792,281.432,930.91,336.804,1310.64,561.34,10.16,729.742,356.362,558.8,774.7,469.392,808.99,630.682,337.82,764.54
147,572.262,328.93,792.48,743.204,574.548,822.96,637.54,552.704,876.3,692.658,610.108,966.216,463.296,1157.986,481.584,1030.732,577.85,677.926,327.66,124.46,1353.82,896.112,365.76,1057.402,426.72,621.792,281.432,930.91,336.804,1313.688,561.34,0,729.742,356.362,558.8,774.7,469.392,808.99,630.682,342.9,749.3
148,572.262,312.42,792.48,740.156,574.548,822.96,637.54,552.704,878.84,676.148,610.108,966.216,463.296,1168.146,481.584,1030.732,577.85,677.926,325.12,119.38,1353.82,896.112,363.22,1040.892,419.1,600.456,284.48,930.91,324.612,1319.784,561.34,0,713.232,356.362,558.8,756.92,466.344,792.48,630.682,342.9,746.76
149,572.262,312.42,792.48,724.916,574.548,822.96,637.54,534.416,878.84,676.148,610.108,963.168,451.104,1168.146,475.488,1013.968,561.34,677.926,325.12,114.3,1353.82,899.16,360.68,1007.618,411.48,576.072,287.528,930.91,320.04,1319.784,561.34,0,713.232,356.362,543.56,756.92,457.2,792.48,630.682,342.9,744.22
150,572.262,312.42,780.288,706.628,574.548,801.624,637.54,531.368,883.92,676.148,600.964,944.88,432.816,1161.288,460.248,947.674,544.83,677.926,320.04,111.76,1351.28,899.16,358.14,974.344,403.86,551.688,287.528,914.4,315.468,1304.544,563.88,0,713.232,356.362,531.368,741.68,445.008,792.48,614.172,345.44,741.68
151,572.262,312.42,774.192,700.532,574.548,780.288,637.54,540.512,883.92,676.148,588.772,926.592,417.576,1130.808,448.056,931.164,528.066,668.782,317.5,106.68,1351.28,893.064,350.52,957.834,386.08,524.256,287.528,914.4,306.324,1298.448,566.42,0,713.232,356.362,510.032,723.9,432.816,792.48,614.172,345.44,741.68
152,572.262,312.42,765.048,694.436,756.92,755.904,637.54,546.608,886.46,676.148,573.532,896.112,402.336,1076.706,429.768,897.89,511.556,653.542,309.88,101.6,1351.28,886.968,340.36,957.834,373.38,493.776,287.528,914.4,291.084,1286.256,571.5,0,713.232,356.362,491.744,708.66,420.624,670.56,614.172,347.98,728.98
153,572.262,312.42,752.856,691.388,574.548,731.52,637.54,558.8,876.3,659.384,561.34,853.44,387.096,1036.066,414.528,864.616,495.046,635.254,309.88,86.36,1351.28,877.824,327.66,941.324,360.68,466.344,281.432,897.636,275.844,1267.968,571.5,0,713.232,356.362,473.456,690.88,408.432,792.48,614.172,347.98,716.28
154,572.262,312.42,737.616,679.196,574.548,707.136,637.54,564.896,863.6,659.384,546.1,826.008,368.808,1002.284,393.192,831.596,478.282,613.918,307.34,83.82,1351.28,865.632,312.42,924.56,347.98,435.864,269.24,897.636,263.652,1231.392,563.88,0,713.232,356.362,455.168,673.1,390.144,775.97,614.172,345.44,698.5
155,555.498,295.91,719.328,667.004,574.548,682.752,637.54,583.184,848.36,659.384,530.86,819.912,347.472,971.804,371.856,812.8,461.772,589.534,299.72,66.04,1351.28,853.44,299.72,908.05,330.2,402.336,260.096,897.636,251.46,1207.008,556.26,0,696.468,356.362,433.832,673.1,365.76,775.97,614.172,342.9,683.26
156,555.498,295.91,704.088,648.716,574.548,661.416,637.54,586.232,828.04,659.384,512.572,816.864,326.136,931.164,353.568,798.322,445.008,559.054,289.56,50.8,1351.28,841.248,279.4,891.54,317.5,371.856,250.952,897.636,239.268,1176.528,548.64,0,696.468,356.362,409.448,657.86,347.472,775.97,614.172,337.82,662.94
157,538.988,279.146,691.896,636.524,574.548,643.128,637.54,586.232,805.18,659.384,500.38,816.864,313.944,900.684,344.424,765.048,428.498,540.766,281.94,30.48,1351.28,835.152,269.24,891.54,312.42,353.568,238.76,897.636,227.076,1170.432,541.02,0,679.958,356.362,388.112,657.86,332.232,775.97,614.172,335.28,645.16
158,522.478,279.146,676.656,627.38,574.548,640.08,636.778,583.184,789.94,659.384,491.236,816.864,304.8,890.524,341.376,748.538,411.988,525.526,274.32,17.78,1351.28,829.056,254,891.54,287.02,347.472,211.328,897.636,217.932,1161.288,535.94,0,646.684,356.362,378.968,642.62,320.04,775.97,614.172,332.74,632.46
159,505.714,262.636,661.416,618.236,574.548,630.936,638.302,583.184,777.24,659.384,485.14,804.672,286.512,886.968,320.04,748.538,395.224,504.19,261.62,0,1351.28,819.912,241.3,874.776,259.08,329.184,202.184,897.636,205.74,1143,528.32,0,630.174,356.362,366.776,624.84,304.8,759.46,614.172,330.2,622.3
160,472.694,245.872,643.128,612.14,591.058,606.552,637.794,577.088,769.62,642.874,475.996,801.624,265.176,883.666,301.752,748.538,362.204,479.806,251.46,0,1351.28,810.768,226.06,874.776,233.68,298.704,189.992,897.636,193.548,1124.712,518.16,0,613.664,356.362,345.44,591.82,286.512,742.95,614.172,330.2,607.06
161,455.93,245.872,633.984,606.044,591.058,600.456,625.094,577.088,756.92,642.874,466.852,801.624,249.936,880.364,289.56,748.538,345.44,461.518,238.76,0,1356.36,804.672,213.36,858.266,210.82,277.368,177.8,897.636,184.404,1100.328,502.92,0,596.9,356.362,321.056,591.82,268.224,742.95,614.172,327.66,584.2
162,439.42,229.362,618.744,596.9,591.058,582.168,620.776,564.896,749.3,626.364,454.66,786.384,225.552,873.506,268.224,748.538,328.93,443.23,226.06,0,1356.36,795.528,198.12,841.756,182.88,252.984,159.512,881.126,166.116,1072.896,490.22,0,580.39,339.598,296.672,574.04,256.032,726.44,614.172,325.12,568.96
163,422.91,212.852,600.456,590.804,591.058,563.88,608.076,558.8,726.44,626.364,442.468,786.384,204.216,846.582,246.888,748.538,295.656,418.846,215.9,0,1363.98,783.336,185.42,841.756,154.94,225.552,132.08,864.616,156.972,1048.512,477.52,0,563.88,323.088,272.288,558.8,237.744,709.93,614.172,322.58,541.02
164,406.146,196.088,579.12,581.66,574.548,539.496,597.662,546.608,706.12,609.6,427.228,780.288,179.832,833.12,222.504,748.538,279.146,394.462,198.12,0,1363.98,768.096,162.56,824.992,127,195.072,110.744,847.852,135.636,1014.984,459.74,0,547.116,306.578,247.904,558.8,219.456,693.42,597.662,314.96,510.54
165,389.636,163.068,554.736,566.42,558.038,515.112,578.104,534.416,678.18,593.09,402.844,777.24,152.4,828.04,201.168,748.538,245.872,363.982,180.34,0,1363.98,752.856,142.24,808.482,88.9,155.448,86.36,831.342,120.396,981.456,441.96,0,530.606,289.814,217.424,541.02,195.072,660.4,597.662,304.8,487.68
166,372.872,146.304,530.352,545.084,541.274,487.68,554.228,510.032,647.7,576.58,381.508,765.048,128.016,822.706,173.736,748.538,212.598,336.55,162.56,0,1351.28,731.52,111.76,775.208,55.88,100.584,58.928,814.578,99.06,938.784,426.72,0,514.096,273.304,189.992,525.78,170.688,643.636,580.898,292.1,457.2
167,360.68,129.794,518.16,542.036,541.274,478.536,543.56,503.936,640.08,576.58,354.076,755.904,106.68,795.782,164.592,748.538,196.088,315.214,162.56,0,1303.02,725.424,104.14,758.698,35.56,91.44,49.784,798.068,92.964,920.496,426.72,0,497.332,256.794,174.752,525.78,164.592,627.126,564.388,287.02,447.04
168,360.68,129.794,521.208,551.18,541.274,469.392,543.56,513.08,660.4,593.09,344.932,768.096,103.632,822.706,152.4,798.322,212.598,296.926,162.56,10.16,1341.12,719.328,111.76,791.718,33.02,76.2,37.592,831.342,89.916,938.784,426.72,2.54,497.332,240.03,156.464,541.02,146.304,643.636,580.898,302.26,447.04
169,370.84,129.794,530.352,560.324,541.274,478.536,543.814,528.32,678.18,593.09,351.028,780.288,103.632,832.866,167.64,814.832,212.598,303.022,170.18,0,1366.52,734.568,111.76,824.992,35.56,91.44,37.592,831.342,102.108,963.168,436.88,0,497.332,240.03,171.704,558.8,146.304,660.4,580.898,302.26,464.82
170,370.84,146.304,530.352,566.42,541.274,484.632,538.226,540.512,690.88,593.09,351.028,792.48,106.68,839.724,167.64,814.832,212.598,309.118,175.26,0,1376.68,737.616,111.76,824.992,38.1,91.44,37.592,847.852,114.3,972.312,441.96,0,514.096,223.52,174.752,558.8,158.496,660.4,580.898,307.34,472.44
171,370.84,129.794,533.4,566.42,541.274,490.728,534.162,549.656,706.12,593.09,351.028,795.528,106.68,849.884,170.688,814.832,229.362,315.214,187.96,0,1384.3,740.664,129.54,824.992,38.1,94.488,37.592,847.852,117.348,978.408,447.04,0,514.096,223.52,177.8,558.8,158.496,660.4,580.898,314.96,474.98
172,365.76,129.794,533.4,566.42,541.274,493.776,529.844,555.752,713.74,593.09,354.076,795.528,103.632,860.044,170.688,814.832,212.598,318.262,195.58,0,1384.3,743.712,134.62,824.992,30.48,94.488,37.592,847.852,123.444,981.456,449.58,0,514.096,223.52,177.8,558.8,158.496,660.4,580.898,314.96,474.98
173,355.6,113.284,524.256,557.276,541.274,493.776,517.144,555.752,713.74,576.58,357.124,792.48,103.632,863.346,161.544,814.832,196.088,318.262,195.58,0,1389.38,743.712,124.46,808.482,15.24,79.248,34.544,831.342,105.156,987.552,439.42,0,514.096,207.01,174.752,541.02,155.448,660.4,580.898,314.96,464.82
174,323.088,96.52,518.16,542.036,541.274,475.488,505.46,555.752,698.5,576.58,360.172,765.048,88.392,863.346,140.208,798.322,179.578,299.974,195.58,0,1404.62,743.712,106.68,775.208,0,42.672,19.304,814.578,92.964,950.976,439.42,0,497.332,207.01,150.368,525.78,140.208,643.636,580.898,309.88,441.96
175,290.068,80.01,496.824,526.796,541.274,445.008,505.46,555.752,695.96,576.58,338.836,762,64.008,863.346,109.728,781.558,146.304,275.59,175.26,0,1381.76,734.568,86.36,775.208,0,27.432,0,814.578,74.676,914.4,426.72,0,497.332,190.246,113.792,492.76,109.728,643.636,580.898,309.88,414.02
176,256.794,63.5,466.344,499.364,524.764,423.672,501.396,543.56,662.94,609.6,311.404,758.952,42.672,873.506,88.392,781.558,113.03,254.254,157.48,0,1384.3,722.376,68.58,741.934,0,0,0,798.068,50.292,890.016,403.86,0,497.332,173.736,86.36,492.76,76.2,627.126,580.898,297.18,391.16
177,240.284,63.5,445.008,478.028,508.254,417.576,507.238,534.416,640.08,642.874,302.26,755.904,33.528,903.986,73.152,781.558,96.52,235.966,142.24,0,1369.06,722.376,53.34,725.424,0,0,0,798.068,44.196,871.728,391.16,0,497.332,173.736,61.976,492.76,67.056,627.126,580.898,297.18,386.08
178,223.52,63.5,429.768,465.836,508.254,411.48,514.35,531.368,635,642.874,287.02,768.096,33.528,914.146,70.104,814.832,96.52,232.918,149.86,0,1361.44,734.568,50.8,708.914,0,0,0,814.578,41.148,865.632,391.16,0,497.332,173.736,61.976,492.76,64.008,643.636,597.662,302.26,386.08
179,240.284,46.736,429.768,465.836,508.254,411.48,515.366,531.368,647.7,642.874,283.972,777.24,27.432,914.146,60.96,831.596,96.52,232.918,137.16,0,1361.44,740.664,30.48,725.424,0,0,0,831.342,25.908,877.824,386.08,0,464.058,156.972,55.88,492.76,60.96,643.636,597.662,302.26,386.08
180,240.284,46.736,426.72,465.836,508.254,405.384,508.254,540.512,647.7,642.874,283.972,786.384,18.288,927.608,42.672,831.596,96.52,232.918,124.46,0,1363.98,743.712,27.94,741.934,0,0,0,847.852,19.812,890.016,370.84,0,480.822,140.462,37.592,492.76,57.912,627.126,597.662,302.26,381
181,256.794,46.736,435.864,465.836,491.49,405.384,512.064,546.608,660.4,642.874,287.02,798.576,0,931.164,42.672,848.106,113.03,232.918,124.46,0,1386.84,762,22.86,741.934,0,0,0,864.616,0,914.4,381,0,480.822,123.952,34.544,508,51.308,627.126,597.662,314.96,381
182,273.304,46.736,441.96,471.932,491.49,408.432,511.556,552.704,668.02,659.384,293.116,810.768,0,934.466,42.672,864.616,113.03,232.918,124.46,0,1391.92,771.144,20.32,758.698,0,0,0,864.616,0,926.592,386.08,0,497.332,123.952,34.544,525.78,27.432,673.1,614.172,314.96,396.24
183,290.068,46.736,445.008,471.932,491.49,414.528,505.206,564.896,675.64,659.384,296.164,813.816,0,947.928,42.672,864.616,113.03,235.966,124.46,0,1397,777.24,17.78,758.698,0,0,0,864.616,0,938.784,388.62,0,497.332,123.952,34.544,525.78,15.24,610.616,614.172,314.96,396.24
184,306.578,46.736,438.912,459.74,474.98,417.576,500.634,564.896,662.94,659.384,296.164,813.816,0,954.786,20.32,831.596,96.52,229.87,119.38,0,1412.24,777.24,12.7,741.934,0,0,0,847.852,0,920.496,383.54,0,480.822,123.952,16.256,508,0,610.616,614.172,304.8,381
185,306.578,46.736,414.528,450.596,474.98,399.288,482.092,564.896,629.92,659.384,290.068,798.576,0,961.644,0,814.832,80.01,205.486,86.36,0,1422.4,768.096,0,725.424,0,0,0,847.852,0,893.064,365.76,0,464.058,90.678,0,474.98,0,610.616,597.662,292.1,335.28
186,256.794,30.226,384.048,435.356,458.216,365.76,478.028,558.8,604.52,659.384,274.828,771.144,0,978.408,0,798.322,63.246,181.102,45.72,0,1430.02,755.904,0,692.15,0,0,0,831.342,0,877.824,347.98,0,447.548,90.678,0,459.74,0,610.616,597.662,279.4,302.26
187,173.736,30.226,353.568,410.972,458.216,332.232,459.994,531.368,574.04,642.874,244.348,765.048,0,971.804,0,781.558,25.4,153.67,15.24,0,1407.16,737.616,0,642.366,0,0,0,831.342,0,844.296,327.66,0,431.038,74.168,0,441.96,0,577.596,580.898,261.62,274.32
188,123.952,30.226,323.088,380.492,441.706,298.704,365.252,503.936,533.4,642.874,210.82,755.904,0,961.644,0,765.048,0,110.998,0,0,1386.84,716.28,0,625.856,0,0,0,814.578,0,795.528,304.8,0,431.038,40.894,0,426.72,0,544.576,547.878,243.84,233.68
189,107.442,0,295.656,356.108,441.706,271.272,322.072,473.456,497.84,626.364,180.34,731.52,0,934.466,0,748.538,0,68.326,0,0,1356.36,694.944,0,592.582,0,0,0,814.578,0,765.048,294.64,0,431.038,24.384,0,391.16,0,528.066,531.114,233.68,185.42
190,90.678,0,274.32,328.676,425.196,237.744,300.736,455.168,480.06,626.364,152.908,719.328,0,917.448,0,731.774,0,31.75,0,0,1323.34,676.656,0,559.308,0,0,0,798.068,0,743.712,274.32,0,397.764,0,0,375.92,0,495.046,514.604,218.44,124.46
191,90.678,0,246.888,298.196,425.196,201.168,266.7,442.976,459.74,609.6,119.38,707.136,0,897.128,0,698.754,0,13.462,0,0,1303.02,655.32,0,542.798,0,0,0,781.558,0,719.328,259.08,0,364.49,0,0,358.14,0,478.536,498.094,200.66,76.2
192,90.678,0,225.552,276.86,425.196,161.544,238.76,442.976,436.88,609.6,94.996,685.8,0,886.968,0,681.99,0,0,0,0,1270,640.08,0,509.524,0,0,0,748.284,0,710.184,243.84,0,331.47,0,0,342.9,0,461.772,498.094,193.04,22.86
193,90.678,0,204.216,249.428,408.432,128.016,205.74,424.688,414.02,593.09,67.564,673.608,0,866.648,0,665.48,0,0,0,0,1264.92,624.84,0,493.014,0,0,0,715.264,0,691.896,243.84,0,298.196,0,0,325.12,0,445.262,481.33,172.72,0
194,90.678,0,176.784,218.948,408.432,85.344,175.26,415.544,386.08,593.09,38.1,661.416,0,849.884,0,648.97,0,0,0,0,1257.3,603.504,0,476.504,0,0,0,681.99,0,667.512,213.36,0,281.686,0,0,309.88,0,412.242,481.33,160.02,0
195,90.678,0,146.304,185.42,408.432,64.008,144.78,400.304,353.06,577.596,0,637.032,0,826.262,0,615.696,0,0,0,0,1252.22,579.12,0,443.23,0,0,0,648.716,0,633.984,193.04,0,264.922,0,0,276.86,0,395.732,448.056,142.24,0
196,90.678,0,112.776,148.844,391.922,50.8,111.76,385.064,320.04,559.816,0,609.6,0,792.226,0,599.186,0,0,0,0,1236.98,548.64,0,409.956,0,0,0,615.442,0,597.408,167.64,0,231.648,0,0,259.08,0,346.202,431.546,111.76,0
197,74.168,0,73.152,106.172,375.412,45.72,81.28,366.776,281.94,543.306,0,582.168,0,765.302,0,582.422,0,0,0,0,1219.2,518.16,0,376.936,0,0,0,582.168,0,557.784,134.62,0,198.628,0,0,226.06,0,329.692,398.272,73.66,0
198,57.658,0,27.432,54.356,358.648,27.432,53.34,348.488,236.22,510.032,0,551.688,0,741.426,0,549.148,0,0,0,0,1196.34,487.68,0,343.662,0,0,0,549.148,0,521.208,101.6,0,152.4,0,0,193.04,0,296.418,365.252,45.72,0
199,57.658,0,12.192,20.828,325.628,15.24,0,314.96,182.88,476.758,0,518.16,0,714.502,0,516.128,0,0,0,0,1170.94,448.056,0,293.878,0,0,0,515.874,0,478.536,66.04,0,106.68,0,0,175.26,0,230.378,331.978,38.1,0
200,40.894,0,6.096,5.588,325.628,0,0,281.432,129.54,476.758,0,478.536,0,670.306,0,466.344,0,0,0,0,1137.92,411.48,0,244.094,0,0,0,482.6,0,423.672,53.34,0,76.2,0,0,142.24,0,147.828,298.704,20.32,0
201,40.894,0,9.144,2.54,308.864,0,0,254,106.68,443.738,45.72,460.248,0,639.826,0,466.344,0,0,0,0,1127.76,381,0,210.82,0,0,0,449.58,0,384.048,50.8,0,50.8,0,0,127,0,147.828,282.194,0,0
202,40.894,0,27.432,39.116,308.864,33.528,0,263.144,129.54,426.974,50.8,472.44,0,649.986,33.528,499.364,38.1,4.318,0,0,1150.62,393.192,0,244.094,0,39.624,0,466.09,0,402.336,60.96,0,49.276,24.384,31.496,142.24,0,180.848,331.978,0,0
203,74.168,0,33.528,54.356,292.354,45.72,0,263.144,132.08,410.464,48.26,487.68,15.24,656.844,45.72,499.364,25.4,25.654,0,0,1143,402.336,0,260.604,0,42.672,0,466.09,0,414.528,45.72,0,99.06,0,46.736,142.24,0,180.848,331.978,0,0
204,40.894,0,24.384,54.356,292.354,42.672,0,263.144,132.08,393.954,45.72,490.728,9.144,667.004,33.528,482.854,25.4,31.75,0,0,1137.92,399.288,0,244.094,0,36.576,0,449.58,0,414.528,43.18,0,115.57,0,34.544,142.24,0,180.848,331.978,0,0
205,24.384,0,6.096,42.164,292.354,30.48,0,254,119.38,360.68,33.02,481.584,6.096,656.844,15.24,466.344,0,22.606,0,0,1130.3,390.144,0,244.094,0,15.24,0,432.816,0,408.432,33.02,0,99.06,0,16.256,127,0,164.338,298.704,0,0
206,0,0,0,11.684,275.844,18.288,0,241.808,81.28,344.17,0,472.44,0,633.222,0,449.58,0,0,0,0,1132.84,368.808,0,210.82,0,0,0,416.306,0,396.24,25.4,0,63.5,0,0,109.22,0,164.338,282.194,0,0
207,0,0,0,0,259.08,0,0,220.472,35.56,327.406,0,454.152,0,606.044,0,416.56,0,0,0,0,1125.22,335.28,0,177.546,0,0,0,383.032,0,371.856,12.7,0,0,0,0,60.96,0,131.064,265.684,0,0
208,0,0,0,0,225.806,0,0,193.04,12.7,294.386,0,423.672,0,589.026,0,383.286,0,0,0,0,1117.6,286.512,0,144.526,0,0,0,373.38,0,329.184,0,0,0,0,0,0,0,98.044,215.646,0,0
209,0,0,0,0,209.296,0,0,171.704,0,261.112,0,393.192,0,555.244,0,350.012,0,0,0,0,1087.12,249.936,0,111.252,0,0,0,366.522,0,274.32,0,0,0,0,0,0,0,48.514,182.626,0,0
210,0,0,0,0,192.786,0,0,141.224,0,227.838,0,356.616,0,517.906,0,316.738,0,0,0,0,1051.56,207.264,0,44.704,0,0,0,349.758,0,207.264,0,0,0,0,0,0,0,0,165.862,0,0
211,0,0,0,0,126.238,0,0,107.696,0,194.564,0,310.896,0,470.662,0,283.718,0,0,0,0,1013.46,164.592,0,12.7,0,0,0,316.738,0,134.112,0,0,0,0,0,0,0,0,116.078,0,0
212,0,0,0,0,76.454,0,0,71.12,0,161.544,0,256.032,0,413.004,0,233.934,0,0,0,0,960.12,109.728,0,0,0,0,0,283.464,0,79.248,0,0,0,0,0,0,0,0,49.784,0,0
213,0,0,0,0,43.434,0,0,49.784,0,144.78,0,201.168,0,345.44,0,184.15,0,0,0,0,909.32,91.44,0,0,0,0,0,299.974,0,42.672,0,0,0,0,0,0,0,0,0,0,0
214,0,0,0,0,26.67,0,0,25.4,0,128.27,0,155.448,0,308.102,0,134.366,0,0,0,0,876.3,85.344,0,0,0,0,0,250.19,0,0,0,0,0,0,0,0,0,0,0,0,0
215,0,0,0,0,10.16,0,0,0,0,111.76,0,118.872,0,274.32,0,117.602,0,0,0,0,833.12,73.152,0,0,0,0,0,200.406,0,0,0,0,0,0,0,0,0,0,0,0,0
216,0,0,0,0,0,0,0,0,0,78.486,0,51.816,0,230.124,0,67.818,0,0,0,0,795.02,64.008,0,0,0,0,0,150.622,0,0,0,0,0,0,0,0,0,0,0,0,0
217,0,0,0,0,0,0,0,0,0,45.212,0,27.432,0,182.88,0,34.544,0,0,0,0,754.38,54.864,0,0,0,0,0,84.328,0,0,0,0,0,0,0,0,0,0,0,0,0
218,0,0,0,0,0,0,0,0,0,0,0,0,0,138.938,0,0,0,0,0,0,718.82,33.528,0,0,0,0,0,34.544,0,0,0,0,0,0,0,0,0,0,0,0,0
219,0,0,0,0,0,0,0,0,0,0,0,0,0,74.422,0,0,0,0,0,0,670.56,18.288,0,0,0,0,0,0,0,0,0,0,0,0,0,0,0,0,0,0,0
220,0,0,0,0,0,0,0,0,0,0,0,0,0,27.178,0,0,0,0,0,0,624.84,0,0,0,0,0,0,0,0,0,0,0,0,0,0,0,0,0,0,0,0
221,0,0,0,0,0,0,0,0,0,0,0,0,0,0,0,0,0,0,0,0,599.44,0,0,0,0,0,0,0,0,0,0,0,0,0,0,0,0,0,0,0,0
222,0,0,0,0,0,0,0,0,0,0,0,0,0,0,0,0,0,0,0,0,586.74,0,0,0,0,0,0,0,0,0,0,0,0,0,0,0,0,0,0,0,0
223,0,0,0,0,0,0,0,0,0,0,0,0,0,0,0,0,0,0,0,0,553.72,0,0,0,0,0,0,0,0,0,0,0,0,0,0,0,0,0,0,0,0
224,0,0,0,0,0,0,0,0,0,0,0,0,0,0,0,0,0,0,0,0,502.92,0,0,0,0,0,0,0,0,0,0,0,0,0,0,0,0,0,0,0,0
225,0,0,0,0,0,0,0,0,0,0,0,0,0,0,0,0,0,0,0,0,462.28,0,0,0,0,0,0,0,0,0,0,0,0,0,0,0,0,0,0,0,0
226,0,0,0,0,0,0,0,0,0,0,0,0,0,0,0,0,0,0,0,0,421.64,0,0,0,0,0,0,0,0,0,0,0,0,0,0,0,0,0,0,0,0
227,0,0,0,0,0,0,0,0,0,0,0,0,0,0,0,0,0,0,0,0,386.08,0,0,0,0,0,0,0,0,0,0,0,0,0,0,0,0,0,0,0,0
228,0,0,0,0,0,0,0,0,0,0,0,0,0,0,0,0,0,0,0,0,337.82,0,0,0,0,0,0,0,0,0,0,0,0,0,0,0,0,0,0,0,0
229,0,0,0,0,0,0,0,0,0,0,0,0,0,0,0,0,0,0,0,0,289.56,0,0,0,0,0,0,0,0,0,0,0,0,0,0,0,0,0,0,0,0
230,0,0,0,0,0,0,0,0,0,0,0,0,0,0,0,0,0,0,0,0,238.76,0,0,0,0,0,0,0,0,0,0,0,0,0,0,0,0,0,0,0,0
231,0,0,0,0,0,0,0,0,0,0,0,0,0,0,0,0,0,0,0,0,177.8,0,0,0,0,0,0,0,0,0,0,0,0,0,0,0,0,0,0,0,0
232,0,0,0,0,0,0,0,0,0,0,0,0,0,0,0,0,0,0,0,0,121.92,0,0,0,0,0,0,0,0,0,0,0,0,0,0,0,0,0,0,0,0
233,0,0,0,0,0,0,0,0,0,0,0,0,0,0,0,0,0,0,0,0,58.42,0,0,0,0,0,0,0,0,0,0,0,0,0,0,0,0,0,0,0,0
234,0,0,0,0,0,0,0,0,0,0,0,0,0,0,0,0,0,0,0,0,22.86,0,0,0,0,0,0,0,0,0,0,0,0,0,0,0,0,0,0,0,0
235,0,0,0,0,0,0,0,0,0,0,0,0,0,0,0,0,0,0,0,0,0,0,0,0,0,0,0,0,0,0,0,0,0,0,0,0,0,0,0,0,0
236,0,0,0,0,0,0,0,0,0,0,0,0,0,0,0,0,0,0,0,0,0,0,0,0,0,0,0,0,0,0,0,0,0,0,0,0,0,0,0,0,0
237,0,0,0,0,0,0,0,0,0,0,0,0,0,0,0,0,0,0,0,0,0,0,0,0,0,0,0,0,0,0,0,0,0,0,0,0,0,0,0,0,0
238,0,0,0,0,0,0,0,0,0,0,0,0,0,0,0,0,0,0,0,0,0,0,0,0,0,0,0,0,0,0,0,0,0,0,0,0,0,0,0,0,0
239,0,0,0,0,0,0,0,0,0,0,0,0,0,0,0,0,0,0,0,0,0,0,0,0,0,0,0,0,0,0,0,0,0,0,0,0,0,0,0,0,0
240,0,0,0,0,0,0,0,0,0,0,0,0,0,0,0,0,0,0,0,0,0,0,0,0,0,0,0,0,0,0,0,0,0,0,0,0,0,0,0,0,0
241,0,0,0,0,0,0,0,0,0,0,0,0,0,0,0,0,0,0,0,0,0,0,0,0,0,0,0,0,0,0,0,0,0,0,0,0,0,0,0,0,0
242,0,0,0,0,0,0,0,0,0,0,0,0,0,0,0,0,0,0,0,0,0,0,0,0,0,0,0,0,0,0,0,0,0,0,0,0,0,0,0,0,0
243,0,0,0,0,0,0,0,0,0,0,0,0,0,0,0,0,0,0,0,0,0,0,0,0,0,0,0,0,0,0,0,0,0,0,0,0,0,0,0,0,0
244,0,0,0,0,0,0,0,0,0,0,0,0,0,0,0,0,0,0,0,0,0,0,0,0,0,0,0,0,0,0,0,0,0,0,0,0,0,0,0,0,0
245,0,0,0,0,0,0,0,0,0,0,0,0,0,0,0,0,0,0,0,0,0,0,0,0,0,0,0,0,0,0,0,0,0,0,0,0,0,0,0,0,0
246,0,0,0,0,0,0,0,0,0,0,0,0,0,0,0,0,0,0,0,0,0,0,0,0,0,0,0,0,0,0,0,0,0,0,0,0,0,0,0,0,0
247,0,0,0,0,0,0,0,0,0,0,0,0,0,0,0,0,0,0,0,0,0,0,0,0,0,0,0,0,0,0,0,0,0,0,0,0,0,0,0,0,0
248,0,0,0,0,0,0,0,0,0,0,0,0,0,0,0,0,0,0,0,0,0,0,0,0,0,0,0,0,0,0,0,0,0,0,0,0,0,0,0,0,0
249,0,0,0,0,0,0,0,0,0,0,0,0,0,0,0,0,0,0,0,0,0,0,0,0,0,0,0,0,0,0,0,0,0,0,0,0,0,0,0,0,0
250,0,0,0,0,0,0,0,0,0,0,0,0,0,0,0,0,0,0,0,0,0,0,0,0,0,0,0,0,0,0,0,0,0,0,0,0,0,0,0,0,0
251,0,0,0,0,0,0,0,0,0,0,0,0,0,0,0,0,0,0,0,0,0,0,0,0,0,0,0,0,0,0,0,0,0,0,0,0,0,0,0,0,0
252,0,0,0,0,0,0,0,0,0,0,0,0,0,0,0,0,0,0,0,0,0,0,0,0,0,0,0,0,0,0,0,0,0,0,0,0,0,0,0,0,0
253,0,0,0,0,0,0,0,0,0,0,0,0,0,0,0,0,0,0,0,0,0,0,0,0,0,0,0,0,0,0,0,0,0,0,0,0,0,0,0,0,0
254,0,0,0,0,0,0,0,0,0,0,0,0,0,0,0,0,0,0,0,0,0,0,0,0,0,0,0,0,0,0,0,0,0,0,0,0,0,0,0,0,0
255,0,0,0,0,0,0,0,0,0,0,0,0,0,0,0,0,0,0,0,0,0,0,0,0,0,0,0,0,0,0,0,0,0,0,0,0,0,0,0,0,0
256,0,0,0,0,0,0,0,0,0,0,0,0,0,0,0,0,0,0,0,0,0,0,0,0,0,0,0,0,0,0,0,0,0,0,0,0,0,0,0,0,0
257,0,0,0,0,0,0,0,0,0,0,0,0,0,0,0,0,0,0,0,0,0,0,0,0,0,0,0,0,0,0,0,0,0,0,0,0,0,0,0,0,0
258,0,0,0,0,0,0,0,0,0,0,0,0,0,0,0,0,0,0,0,0,0,0,0,0,0,0,0,0,0,0,0,0,0,0,0,0,0,0,0,0,0
259,0,0,0,0,0,0,0,0,0,0,0,0,0,0,0,0,0,0,0,0,0,0,0,0,0,0,0,0,0,0,0,0,0,0,0,0,0,0,0,0,0
260,0,0,0,0,0,0,0,0,0,0,0,0,0,0,0,0,0,0,0,0,0,0,0,0,0,0,0,0,0,0,0,0,0,0,0,0,0,0,0,0,0
261,0,0,0,0,0,0,0,0,0,0,0,0,0,0,0,0,0,0,0,0,0,0,0,0,0,0,0,0,0,0,0,0,0,0,0,0,0,0,0,0,0
262,0,0,0,0,0,0,0,0,0,0,0,0,0,0,0,0,0,0,0,0,0,0,0,0,0,0,0,0,0,0,0,0,0,0,0,0,0,0,0,0,0
263,0,0,0,0,0,0,0,0,0,0,0,0,0,0,0,0,0,0,0,0,0,0,0,0,0,0,0,0,0,0,0,0,0,0,0,0,0,0,0,0,0
264,0,0,0,0,0,0,0,0,0,0,0,0,0,0,0,0,0,0,0,0,0,0,0,0,0,0,0,0,0,0,0,0,0,0,0,0,0,0,0,0,0
265,0,0,0,0,0,0,0,0,0,0,0,0,0,0,0,0,0,0,0,0,0,0,0,0,0,0,0,0,0,0,0,0,0,0,0,0,0,0,0,0,0
266,0,0,0,0,0,0,0,0,0,0,0,0,0,0,0,0,0,0,0,0,0,0,0,0,0,0,0,0,0,0,0,0,0,0,0,0,0,0,0,0,0
267,0,0,0,0,0,0,0,0,0,0,0,0,0,0,0,0,0,0,0,0,0,0,0,0,0,0,0,0,0,0,0,0,0,0,0,0,0,0,0,0,0
268,0,0,0,0,0,0,0,0,0,0,0,0,0,0,0,0,0,0,0,0,0,0,0,0,0,0,0,0,0,0,0,0,0,0,0,0,0,0,0,0,0
269,0,0,0,0,0,0,0,0,0,0,0,0,0,0,0,0,0,0,0,0,0,0,0,0,0,0,0,0,0,0,0,0,0,0,0,0,0,0,0,0,0
270,0,0,0,0,0,0,0,0,0,0,0,0,0,0,0,0,0,0,0,0,0,0,0,0,0,0,0,0,0,0,0,0,0,0,0,0,0,0,0,0,0
271,0,0,0,0,0,0,0,0,0,0,0,0,0,0,0,0,0,0,0,0,0,0,0,0,0,0,0,0,0,0,0,0,0,0,0,0,0,0,0,0,0
272,0,0,0,0,0,0,0,0,0,0,0,0,0,0,0,0,0,0,0,0,0,0,0,0,0,0,0,0,0,0,0,0,0,0,0,0,0,0,0,0,0
273,0,0,0,0,0,0,0,0,0,0,0,0,0,0,0,0,0,0,0,0,0,0,0,0,0,0,0,0,0,0,0,0,0,0,0,0,0,0,0,0,0
274,0,0,0,0,0,0,0,0,0,0,0,0,0,0,0,0,0,0,0,0,0,0,0,0,0,0,0,0,0,0,0,0,0,0,0,0,0,0,0,0,0
275,0,0,0,0,0,0,0,0,0,0,0,0,0,0,0,0,0,0,0,0,0,0,0,0,0,0,0,0,0,0,0,0,0,0,0,0,0,0,0,0,0
276,0,0,0,0,0,0,0,0,0,0,0,0,0,0,0,0,0,0,0,0,0,0,0,0,0,0,0,0,0,0,0,0,0,0,0,0,0,0,0,0,0
277,0,0,0,0,0,0,0,0,0,0,0,0,0,0,0,0,0,0,0,0,0,0,0,0,0,0,0,0,0,0,0,0,0,0,0,0,0,0,0,0,0
278,0,0,0,0,0,0,0,0,0,0,0,0,0,0,0,0,0,0,0,0,0,0,0,0,0,0,0,0,0,0,0,0,0,0,0,0,0,0,0,0,0
279,0,0,0,0,0,0,0,0,0,0,0,0,0,0,0,0,0,0,0,0,0,0,0,0,0,0,0,0,0,0,0,0,0,0,0,0,0,0,0,0,0
280,0,0,0,0,0,0,0,0,0,0,0,0,0,0,0,0,0,0,0,0,0,0,0,0,0,0,0,0,0,0,0,0,0,0,0,0,0,0,0,0,0
281,0,0,0,0,0,0,0,0,0,0,0,0,0,0,0,0,0,0,0,0,0,0,0,0,0,0,0,0,0,0,0,0,0,0,0,0,0,0,0,0,0
282,0,0,0,0,0,0,0,0,0,0,0,0,0,0,0,0,0,0,0,0,0,0,0,0,0,0,0,0,0,0,0,0,0,0,0,0,0,0,0,0,0
283,0,0,0,0,0,0,0,0,0,0,0,0,0,0,0,0,0,0,0,0,0,0,0,0,0,0,0,0,0,0,0,0,0,0,0,0,0,0,0,0,0
284,0,0,0,0,0,0,0,0,0,0,0,0,0,0,0,0,0,0,0,0,0,0,0,0,0,0,0,0,0,0,0,0,0,0,0,0,0,0,0,0,0
285,0,0,0,0,0,0,0,0,0,0,0,0,0,0,0,0,0,0,0,0,0,0,0,0,0,0,0,0,0,0,0,0,0,0,0,0,0,0,0,0,0
286,0,0,0,0,0,0,0,0,0,0,0,0,0,0,0,0,0,0,0,0,0,0,0,0,0,0,0,0,0,0,0,0,0,0,0,0,0,0,0,0,0
287,0,0,0,0,0,0,0,0,0,0,0,0,0,0,0,0,0,0,0,0,0,0,0,0,0,0,0,0,0,0,0,0,0,0,0,0,0,0,0,0,0
288,0,0,0,0,0,0,0,0,0,0,0,0,0,0,0,0,0,0,0,0,0,0,0,0,0,0,0,0,0,0,0,0,0,0,0,0,0,0,0,0,0
289,0,0,0,0,0,0,0,0,0,0,0,0,0,0,0,0,0,0,0,0,0,0,0,0,0,0,0,0,0,0,0,0,0,0,0,0,0,0,0,0,0
290,0,0,0,0,0,0,0,0,0,0,0,0,0,0,0,0,0,0,0,0,0,0,0,0,0,0,0,0,0,0,0,0,0,0,0,0,0,0,0,0,0
291,0,0,0,0,0,0,0,0,0,0,0,0,0,0,0,0,0,0,0,0,0,0,0,0,0,0,0,0,0,0,0,0,0,0,0,0,0,0,0,0,0
292,0,0,0,0,0,0,0,0,0,0,0,0,0,0,0,0,0,0,0,0,0,0,0,0,0,0,0,0,0,0,0,0,0,0,0,0,0,0,0,0,0
293,0,0,0,0,0,0,0,0,0,0,0,0,0,0,0,0,0,0,0,0,0,0,0,0,0,0,0,0,0,0,0,0,0,0,0,0,0,0,0,0,0
294,0,0,0,0,0,0,0,0,0,0,0,0,0,0,0,0,0,0,0,0,0,0,0,0,0,0,0,0,0,0,0,0,0,0,0,0,0,0,0,0,0
295,0,0,0,0,0,0,0,0,0,0,0,0,0,0,0,0,0,0,0,0,0,0,0,0,0,0,0,0,0,0,0,0,0,0,0,0,0,0,0,0,0
296,0,0,0,0,0,0,0,0,0,0,0,0,0,0,0,0,0,0,0,0,0,0,0,0,0,0,0,0,0,0,0,0,0,0,0,0,0,0,0,0,0
297,0,0,0,0,0,0,0,0,0,0,0,0,0,0,0,0,0,0,0,0,0,0,0,0,0,0,0,0,0,0,0,0,0,0,0,0,0,0,0,0,0
298,0,0,0,0,0,0,0,0,0,0,0,0,0,0,0,0,0,0,0,0,0,0,0,0,0,0,0,0,0,0,0,0,0,0,0,0,0,0,0,0,0
299,0,0,0,0,0,0,0,0,0,0,0,0,0,0,0,0,0,0,0,0,0,0,0,0,0,0,0,0,0,0,0,0,0,0,0,0,0,0,0,0,0
300,0,0,0,0,0,0,0,0,0,0,0,0,0,0,0,0,0,0,0,0,0,0,0,0,0,0,0,0,0,0,0,0,0,0,0,0,0,0,0,0,0
301,0,0,0,0,0,0,0,0,0,0,0,0,0,0,0,0,0,0,0,0,0,0,0,0,0,0,0,0,0,0,0,0,0,0,0,0,0,0,0,0,0
302,0,0,0,0,0,0,0,0,0,0,0,0,0,0,0,0,0,0,0,0,0,0,0,0,0,0,0,0,0,0,0,0,0,0,0,0,0,0,0,0,0
303,0,0,0,0,0,0,0,0,0,0,0,0,0,0,0,0,0,0,0,0,0,0,0,0,0,0,0,0,0,0,0,0,0,0,0,0,0,0,0,0,0
304,0,0,0,0,0,0,0,0,0,0,0,0,0,0,0,0,0,0,0,0,0,0,0,0,0,0,0,0,0,0,0,0,0,0,0,0,0,0,0,0,0
305,0,0,0,0,0,0,0,0,0,0,0,0,0,0,0,0,0,0,0,0,0,0,0,0,0,0,0,0,0,0,0,0,0,0,0,0,0,0,0,0,0
306,0,0,0,0,0,0,0,0,0,0,0,0,0,0,0,0,0,0,0,0,0,0,0,0,0,0,0,0,0,0,0,0,0,0,0,0,0,0,0,0,0
307,0,0,0,0,0,0,0,0,0,0,0,0,0,0,0,0,0,0,0,0,0,0,0,0,0,0,0,0,0,0,0,0,0,0,0,0,0,0,0,0,0
308,0,0,0,0,0,0,0,0,0,0,0,0,0,0,0,0,0,0,0,0,0,0,0,0,0,0,0,0,0,0,0,0,0,0,0,0,0,0,0,0,0
309,0,0,0,0,0,0,0,0,0,0,0,0,0,0,0,0,0,0,0,0,0,0,0,0,0,0,0,0,0,0,0,0,0,0,0,0,0,0,0,0,0
310,0,0,0,0,0,0,0,0,0,0,0,0,0,0,0,0,0,0,0,0,0,0,0,0,0,0,0,0,0,0,0,0,0,0,0,0,0,0,0,0,0
311,0,0,0,0,0,0,0,0,0,0,0,0,0,0,0,0,0,0,0,0,0,0,0,0,0,0,0,0,0,0,0,0,0,0,0,0,0,0,0,0,0
312,0,0,0,0,0,0,0,0,0,0,0,0,0,0,0,0,0,0,0,0,0,0,0,0,0,0,0,0,0,0,0,0,0,0,0,0,0,0,0,0,0
313,0,0,0,0,0,0,0,0,0,0,0,0,0,0,0,0,0,0,0,0,0,0,0,0,0,0,0,0,0,0,0,0,0,0,0,0,0,0,0,0,0
314,0,0,0,0,0,0,0,0,0,0,0,0,0,0,0,0,0,0,0,0,0,0,0,0,0,0,0,0,0,0,0,0,0,0,0,0,0,0,0,0,0
315,0,0,0,0,0,0,0,0,0,0,0,0,0,0,0,0,0,0,0,0,0,0,0,0,0,0,0,0,0,0,0,0,0,0,0,0,0,0,0,0,0
316,0,0,0,0,0,0,0,0,0,0,0,0,0,0,0,0,0,0,0,0,0,0,0,0,0,0,0,0,0,0,0,0,0,0,0,0,0,0,0,0,0
317,0,0,0,0,0,0,0,0,0,0,0,0,0,0,0,0,0,0,0,0,0,0,0,0,0,0,0,0,0,0,0,0,0,0,0,0,0,0,0,0,0
318,0,0,0,0,0,0,0,0,0,0,0,0,0,0,0,0,0,0,0,0,0,0,0,0,0,0,0,0,0,0,0,0,0,0,0,0,0,0,0,0,0
319,0,0,0,0,0,0,0,0,0,0,0,0,0,0,0,0,0,0,0,0,0,0,0,0,0,0,0,0,0,0,0,0,0,0,0,0,0,0,0,0,0
320,0,0,0,0,0,0,0,0,0,0,0,0,0,0,0,0,0,0,0,0,0,0,0,0,0,0,0,0,0,0,0,0,0,0,0,0,0,0,0,0,0
321,0,0,0,0,0,0,0,0,0,0,0,0,0,0,0,0,0,0,0,0,0,0,0,0,0,0,0,0,0,0,0,0,0,0,0,0,0,0,0,0,0
322,0,0,0,0,0,0,0,0,0,0,0,0,0,0,0,0,0,0,0,0,0,0,0,0,0,0,0,0,0,0,0,0,0,0,0,0,0,0,0,0,0
323,0,0,0,0,0,0,0,0,0,0,0,0,0,0,0,0,0,0,0,0,0,0,0,0,0,0,0,0,0,0,0,0,0,0,0,0,0,0,0,0,0
324,0,0,0,0,0,0,0,0,0,0,0,0,0,0,0,0,0,0,0,0,0,0,0,0,0,0,0,0,0,0,0,0,0,0,0,0,0,0,0,0,0
325,0,0,0,0,0,0,0,0,0,0,0,0,0,0,0,0,0,0,0,0,0,0,0,0,0,0,0,0,0,0,0,0,0,0,0,0,0,0,0,0,0
326,0,0,0,0,0,0,0,0,0,0,0,0,0,0,0,0,0,0,0,0,0,0,0,0,0,0,0,0,0,0,0,0,0,0,0,0,0,0,0,0,0
327,0,0,0,0,0,0,0,0,0,0,0,0,0,0,0,0,0,0,0,0,0,0,0,0,0,0,0,0,0,0,0,0,0,0,0,0,0,0,0,0,0
328,0,0,0,0,0,0,0,0,0,0,0,0,0,0,0,0,0,0,0,0,0,0,0,0,0,0,0,0,0,0,0,0,0,0,0,0,0,0,0,0,0
329,0,0,0,0,0,0,0,0,0,0,0,0,0,0,0,0,0,0,0,0,0,0,0,0,0,0,0,0,0,0,0,0,0,0,0,0,0,0,0,0,0
330,0,0,0,0,0,0,0,0,0,0,0,0,0,0,0,0,0,0,0,0,0,0,0,0,0,0,0,0,0,0,0,0,0,0,0,0,0,0,0,0,0
331,0,0,0,0,0,0,0,0,0,0,0,0,0,0,0,0,0,0,0,0,0,0,0,0,0,0,0,0,0,0,0,0,0,0,0,0,0,0,0,0,0
332,0,0,0,0,0,0,0,0,0,0,0,0,0,0,0,0,0,0,0,0,0,0,0,0,0,0,0,0,0,0,0,0,0,0,0,0,0,0,0,0,0
333,0,0,0,0,0,0,0,0,0,0,0,0,0,0,0,0,0,0,0,0,0,0,0,0,0,0,0,0,0,0,0,0,0,0,0,0,0,0,0,0,0
334,0,0,0,0,0,0,0,0,0,0,0,0,0,0,0,0,0,0,0,0,0,0,0,0,0,0,0,0,0,0,0,0,0,0,0,0,0,0,0,0,0
335,0,0,0,0,0,0,0,0,0,0,0,0,0,0,0,0,0,0,0,0,0,0,0,0,0,0,0,0,0,0,0,0,0,0,0,0,0,0,0,0,0
336,0,0,0,0,0,0,0,0,0,0,0,0,0,0,0,0,0,0,0,0,0,0,0,0,0,0,0,0,0,0,0,0,0,0,0,0,0,0,0,0,0
337,0,0,0,0,0,0,0,0,0,0,0,0,0,0,0,0,0,0,0,0,0,0,0,0,0,0,0,0,0,0,0,0,0,0,0,0,0,0,0,0,0
338,0,0,0,0,0,0,0,0,0,0,0,0,0,0,0,0,0,0,0,0,0,0,0,0,0,0,0,0,0,0,0,0,0,0,0,0,0,0,0,0,0
339,0,0,0,0,0,0,0,0,0,0,0,0,0,0,0,0,0,0,0,0,0,0,0,0,0,0,0,0,0,0,0,0,0,0,0,0,0,0,0,0,0
340,0,0,0,0,0,0,0,0,0,0,0,0,0,0,0,0,0,0,0,0,0,0,0,0,0,0,0,0,0,0,0,0,0,0,0,0,0,0,0,0,0
341,0,0,0,0,0,0,0,0,0,0,0,0,0,0,0,0,0,0,0,0,0,0,0,0,0,0,0,0,0,0,0,0,0,0,0,0,0,0,0,0,0
342,0,0,0,0,0,0,0,0,0,0,0,0,0,0,0,0,0,0,0,0,0,0,0,0,0,0,0,0,0,0,0,0,0,0,0,0,0,0,0,0,0
343,0,0,0,0,0,0,0,0,0,0,0,0,0,0,0,0,0,0,0,0,0,0,0,0,0,0,0,0,0,0,0,0,0,0,0,0,0,0,0,0,0
344,0,0,0,0,0,0,0,0,0,0,0,0,0,0,0,0,0,0,0,0,0,0,0,0,0,0,0,0,0,0,0,0,0,0,0,0,0,0,0,0,0
345,0,0,0,0,0,0,0,0,0,0,0,0,0,0,0,0,0,0,0,0,0,0,0,0,0,0,0,0,0,0,0,0,0,0,0,0,0,0,0,0,0
346,0,0,0,0,0,0,0,0,0,0,0,0,0,0,0,0,0,0,0,0,0,0,0,0,0,0,0,0,0,0,0,0,0,0,0,0,0,0,0,0,0
347,0,0,0,0,0,0,0,0,0,0,0,0,0,0,0,0,0,0,0,0,0,0,0,0,0,0,0,0,0,0,0,0,0,0,0,0,0,0,0,0,0
348,0,0,0,0,0,0,0,0,0,0,0,0,0,0,0,0,0,0,0,0,0,0,0,0,0,0,0,0,0,0,0,0,0,0,0,0,0,0,0,0,0
349,0,0,0,0,0,0,0,0,0,0,0,0,0,0,0,0,0,0,0,0,0,0,0,0,0,0,0,0,0,0,0,0,0,0,0,0,0,0,0,0,0
350,0,0,0,0,0,0,0,0,0,0,0,0,0,0,0,0,0,0,0,0,0,0,0,0,0,0,0,0,0,0,0,0,0,0,0,0,0,0,0,0,0
351,0,0,0,0,0,0,0,0,0,0,0,0,0,0,0,0,0,0,0,0,0,0,0,0,0,0,0,0,0,0,0,0,0,0,0,0,0,0,0,0,0
352,0,0,0,0,0,0,0,0,0,0,0,0,0,0,0,0,0,0,0,0,0,0,0,0,0,0,0,0,0,0,0,0,0,0,0,0,0,0,0,0,0
353,0,0,0,0,0,0,0,0,0,0,0,0,0,0,0,0,0,0,0,0,0,0,0,0,0,0,0,0,0,0,0,0,0,0,0,0,0,0,0,0,0
354,0,0,0,0,0,0,0,0,0,0,0,0,0,0,0,0,0,0,0,0,0,0,0,0,0,0,0,0,0,0,0,0,0,0,0,0,0,0,0,0,0
355,0,0,0,0,0,0,0,0,0,0,0,0,0,0,0,0,0,0,0,0,0,0,0,0,0,0,0,0,0,0,0,0,0,0,0,0,0,0,0,0,0
356,0,0,0,0,0,0,0,0,0,0,0,0,0,0,0,0,0,0,0,0,0,0,0,0,0,0,0,0,0,0,0,0,0,0,0,0,0,0,0,0,0
357,0,0,0,0,0,0,0,0,0,0,0,0,0,0,0,0,0,0,0,0,0,0,0,0,0,0,0,0,0,0,0,0,0,0,0,0,0,0,0,0,0
358,0,0,0,0,0,0,0,0,0,0,0,0,0,0,0,0,0,0,0,0,0,0,0,0,0,0,0,0,0,0,0,0,0,0,0,0,0,0,0,0,0
359,0,0,0,0,0,0,0,0,0,0,0,0,0,0,0,0,0,0,0,0,0,0,0,0,0,0,0,0,0,0,0,0,0,0,0,0,0,0,0,0,0
360,0,0,0,0,0,0,0,0,0,0,0,0,0,0,0,0,0,0,0,0,0,0,0,0,0,0,0,0,0,0,0,0,0,0,0,0,0,0,0,0,0
361,0,0,0,0,0,0,0,0,0,0,0,0,0,0,0,0,0,0,0,0,0,0,0,0,0,0,0,0,0,0,0,0,0,0,0,0,0,0,0,0,0
362,0,0,0,0,0,0,0,0,0,0,0,0,0,0,0,0,0,0,0,0,0,0,0,0,0,0,0,0,0,0,0,0,0,0,0,0,0,0,0,0,0
363,0,0,0,0,0,0,0,0,0,0,0,0,0,0,0,0,0,0,0,0,0,0,0,0,0,0,0,0,0,0,0,0,0,0,0,0,0,0,0,0,0
364,0,0,0,0,0,0,0,0,0,0,0,0,0,0,0,0,0,0,0,0,0,0,0,0,0,0,0,0,0,0,0,0,0,0,0,0,0,0,0,0,0
365,0,0,0,0,0,0,0,0,0,0,0,0,0,0,0,0,0,0,0,0,0,0,0,0,0,0,0,0,0,0,0,0,0,0,0,0,0,0,0,0,0
366,0,0,0,0,0,0,0,0,0,0,0,0,0,0,0,0,0,0,0,0,0,0,0,0,0,0,0,0,0,0,0,0,0,0,0,0,0,0,0,0,0
